certificate_id,student_id,course_id,issue_date
1,18,4,2024-05-23
2,26,8,2025-07-10
3,35,9,2025-09-13
4,53,8,2025-09-18
5,60,6,2025-08-14
6,60,9,2025-07-02
7,69,1,2024-03-07
8,77,3,2024-10-15
9,91,12,2024-07-24
10,96,12,2024-08-13
11,121,6,2025-01-31
12,138,7,2026-05-18
13,153,12,2025-06-16
14,174,9,2024-05-06
15,176,4,2026-07-04
16,179,10,2025-06-25
17,187,3,2025-11-26
18,191,4,2025-09-14
19,193,5,2025-08-04
20,194,6,2025-09-09
21,196,9,2026-06-11
22,201,1,2025-03-08
23,208,1,2026-02-25
24,213,3,2025-03-17
25,215,4,2024-10-15
26,244,10,2024-08-21
27,255,11,2025-06-06
28,264,3,2025-04-27
29,267,12,2025-04-16
30,287,8,2026-02-27
31,290,1,2024-09-29
32,291,6,2025-09-01
33,292,6,2025-12-30
34,292,2,2025-12-04
35,304,10,2024-10-04
36,304,1,2024-10-09
37,310,12,2024-08-07
38,312,5,2024-04-29
39,317,2,2024-04-09
40,322,4,2024-06-14
41,324,4,2025-04-21
42,347,3,2025-04-05
43,351,11,2024-12-23
44,358,2,2025-07-29
45,367,11,2026-06-17
46,375,6,2026-07-04
47,377,12,2025-05-08
48,379,6,2024-04-09
49,379,10,2024-04-12
50,394,6,2024-03-17
51,395,5,2025-03-16
52,397,10,2026-02-16
53,405,12,2025-07-28
54,407,1,2024-10-07
55,407,10,2024-10-19
56,420,9,2024-02-15
57,426,11,2024-11-22
58,426,1,2024-12-08
59,426,10,2024-12-20
60,429,7,2025-12-26
61,430,1,2024-09-09
62,436,3,2025-09-29
63,437,5,2025-11-20
64,448,1,2025-02-05
65,449,4,2024-12-24
66,451,11,2026-01-31
67,472,11,2026-01-13
68,477,7,2025-05-03
69,479,10,2026-02-01
70,487,12,2025-04-21
71,493,5,2025-04-30
72,493,9,2025-04-13
73,502,6,2026-03-27
74,504,12,2024-08-29
75,514,10,2025-12-06
76,521,10,2024-11-09
77,528,7,2026-06-08
78,540,5,2025-04-13
79,553,7,2025-05-26
80,569,10,2025-03-24
81,570,2,2025-09-08
82,572,11,2024-05-24
83,586,10,2024-09-11
84,590,11,2024-12-03
85,598,9,2026-04-30
86,599,1,2024-04-29
87,604,12,2024-03-30
88,609,5,2025-06-23
89,615,12,2025-12-22
90,632,1,2025-04-14
91,634,12,2025-12-12
92,636,10,2025-05-05
93,639,9,2025-11-14
94,650,4,2024-05-30
95,660,4,2025-10-09
96,663,4,2024-08-31
97,679,9,2025-02-18
98,682,3,2025-10-08
99,689,6,2025-05-25
100,695,8,2025-05-04
101,696,1,2024-05-19
102,706,5,2025-12-07
103,708,10,2024-07-26
104,718,4,2024-07-26
105,718,10,2024-06-24
106,734,6,2025-12-25
107,748,4,2024-10-07
108,760,2,2024-04-07
109,765,11,2026-01-29
110,786,4,2025-01-14
111,794,7,2025-08-13
112,803,8,2025-08-02
113,817,1,2026-01-02
114,827,3,2025-09-20
115,831,8,2025-11-08
116,831,5,2025-10-16
117,844,1,2024-05-18
118,875,4,2025-05-14
119,900,2,2024-03-07
120,922,3,2026-01-07
121,948,6,2026-02-03
122,973,1,2025-07-02
123,981,4,2026-06-06
124,984,3,2025-02-03
125,990,5,2025-07-22
126,1005,1,2025-08-02
127,1005,6,2025-08-20
128,1006,9,2025-08-10
129,1006,6,2025-08-12
130,1012,3,2024-03-30
131,1016,9,2025-10-19
132,1018,9,2026-01-26
133,1022,10,2024-10-07
134,1037,10,2025-02-11
135,1038,5,2025-06-18
136,1042,4,2024-07-03
137,1054,4,2024-07-08
138,1057,11,2026-02-16
139,1062,4,2024-05-22
140,1068,12,2024-08-03
141,1075,11,2026-04-08
142,1076,11,2025-09-24
143,1087,4,2024-11-04
144,1088,10,2024-07-28
145,1096,3,2025-03-28
146,1098,10,2024-08-30
147,1101,11,2026-02-22
148,1105,12,2025-11-07
149,1107,6,2025-05-09
150,1118,10,2024-10-08
151,1122,7,2024-04-17
152,1124,2,2026-03-01
153,1126,12,2025-06-01
154,1130,1,2025-06-16
155,1136,4,2024-11-23
156,1152,11,2026-03-24
157,1153,7,2025-05-15
158,1159,10,2024-08-02
159,1160,5,2025-11-08
160,1166,3,2025-07-04
161,1179,10,2026-03-22
162,1180,1,2025-12-11
163,1183,4,2025-06-12
164,1222,4,2024-11-22
165,1226,2,2025-09-05
166,1234,12,2024-11-07
167,1244,12,2026-04-11
168,1251,6,2025-06-17
169,1265,4,2025-12-25
170,1266,12,2024-09-22
171,1272,8,2024-04-22
172,1275,5,2025-03-26
173,1300,1,2024-12-31
174,1303,6,2026-01-10
175,1309,6,2026-02-06
176,1314,7,2025-03-20
177,1325,12,2024-09-14
178,1338,8,2024-05-27
179,1341,11,2026-03-13
180,1347,10,2025-11-19
181,1350,6,2024-04-04
182,1411,1,2025-08-06
183,1416,10,2025-12-17
184,1432,4,2024-09-14
185,1437,4,2024-11-05
186,1446,12,2025-01-16
187,1451,2,2026-05-02
188,1466,8,2025-02-19
189,1467,4,2024-06-28
190,1470,8,2025-05-04
191,1497,7,2024-06-01
192,1514,12,2026-01-30
193,1515,10,2025-11-21
194,1520,12,2025-10-08
195,1526,4,2024-11-12
196,1535,6,2024-05-23
197,1535,11,2024-05-19
198,1544,1,2025-05-20
199,1558,11,2024-12-04
200,1563,7,2025-06-13
201,1566,1,2026-05-16
202,1569,10,2025-01-20
203,1584,4,2026-02-19
204,1588,12,2026-01-29
205,1593,6,2025-06-06
206,1594,8,2025-02-05
207,1601,6,2026-05-08
208,1611,6,2025-12-07
209,1623,4,2024-08-28
210,1636,5,2026-05-04
211,1637,10,2024-09-15
212,1639,12,2025-02-19
213,1640,1,2024-06-16
214,1646,12,2026-02-06
215,1667,12,2025-04-29
216,1680,12,2024-12-03
217,1683,4,2026-02-16
218,1690,4,2025-03-30
219,1697,4,2024-07-17
220,1698,3,2025-05-12
221,1701,6,2026-02-07
222,1706,6,2026-05-12
223,1712,6,2024-03-09
224,1725,12,2025-12-23
225,1735,7,2025-05-05
226,1749,4,2026-03-04
227,1750,12,2025-09-14
228,1768,10,2024-10-05
229,1776,12,2025-07-17
230,1779,12,2026-03-27
231,1788,12,2024-07-31
232,1801,12,2026-02-15
233,1809,4,2025-05-15
234,1815,11,2026-04-11
235,1817,10,2025-09-20
236,1818,4,2025-01-28
237,1830,3,2025-04-24
238,1831,10,2024-08-20
239,1837,3,2025-11-11
240,1846,11,2024-12-24
241,1847,10,2024-09-27
242,1850,5,2025-05-25
243,1855,1,2025-12-21
244,1860,12,2026-04-23
245,1860,11,2026-03-29
246,1879,2,2025-05-13
247,1907,9,2026-04-01
248,1907,8,2026-04-13
249,1914,1,2025-08-12
250,1923,5,2025-03-06
251,1934,4,2024-05-10
252,1945,8,2025-10-21
253,1945,4,2025-10-28
254,1962,12,2024-07-31
255,1974,12,2024-09-10
256,1989,12,2024-07-12
257,1989,4,2024-07-10
258,1991,4,2024-08-08
259,1996,10,2025-09-02
260,1997,10,2024-10-01
261,2000,9,2025-12-02
262,2007,10,2025-10-02
263,2009,12,2024-08-22
264,2010,1,2024-12-13
265,2011,4,2024-12-10
266,2012,1,2026-04-16
267,2024,6,2025-07-10
268,2025,12,2025-07-07
269,2031,8,2025-09-29
270,2033,5,2025-04-09
271,2059,3,2025-12-07
272,2067,8,2026-05-28
273,2073,4,2024-05-23
274,2074,12,2024-11-03
275,2078,11,2024-12-10
276,2088,10,2024-07-22
277,2097,6,2024-04-08
278,2100,1,2025-09-05
279,2106,8,2026-02-11
280,2121,1,2024-11-07
281,2127,4,2024-08-04
282,2139,12,2025-03-05
283,2164,4,2024-08-29
284,2167,8,2025-06-16
285,2173,2,2026-03-23
286,2187,4,2024-07-05
287,2188,11,2024-12-21
288,2206,11,2024-12-29
289,2223,1,2025-09-22
290,2228,4,2024-11-09
291,2229,12,2024-11-08
292,2231,10,2025-02-18
293,2232,11,2024-11-03
294,2237,12,2025-08-24
295,2242,4,2024-08-17
296,2245,12,2024-03-07
297,2248,12,2026-01-17
298,2268,4,2024-08-06
299,2272,9,2026-05-14
300,2274,10,2026-01-03
301,2277,3,2024-05-11
302,2281,12,2024-08-11
303,2284,6,2024-04-18
304,2287,4,2025-05-10
305,2299,4,2025-08-08
306,2301,9,2025-06-27
307,2302,12,2024-08-24
308,2336,4,2024-07-01
309,2340,12,2024-06-30
310,2349,3,2024-12-26
311,2355,11,2024-10-22
312,2376,10,2026-05-19
313,2379,10,2024-05-26
314,2379,2,2024-05-22
315,2406,2,2025-09-21
316,2408,11,2025-10-08
317,2409,4,2025-07-24
318,2413,12,2025-11-16
319,2417,5,2026-03-16
320,2420,10,2026-05-22
321,2432,8,2026-06-20
322,2435,2,2025-04-01
323,2456,4,2025-04-08
324,2459,8,2026-06-05
325,2470,2,2026-07-08
326,2485,12,2026-05-17
327,2486,3,2025-03-25
328,2487,9,2025-12-01
329,2499,3,2024-05-09
330,2500,3,2024-11-29
331,2501,10,2026-03-27
332,2520,2,2025-08-08
333,2539,8,2026-04-26
334,2545,3,2025-09-24
335,2557,1,2024-12-06
336,2557,3,2025-01-16
337,2562,10,2026-04-17
338,2572,11,2024-11-27
339,2592,3,2025-01-10
340,2596,6,2025-01-08
341,2600,11,2025-05-11
342,2613,12,2025-09-02
343,2625,10,2024-12-15
344,2626,2,2025-02-03
345,2635,10,2024-12-30
346,2643,3,2025-02-19
347,2645,10,2026-01-24
348,2657,4,2026-06-25
349,2664,9,2025-11-24
350,2664,5,2025-11-08
351,2683,5,2024-05-03
352,2706,1,2025-01-02
353,2716,9,2026-03-05
354,2732,6,2026-06-25
355,2747,6,2026-01-24
356,2750,6,2025-03-27
357,2766,10,2025-01-12
358,2777,12,2024-10-18
359,2782,3,2026-02-25
360,2785,10,2025-03-06
361,2787,6,2025-03-12
362,2791,4,2026-06-28
363,2795,8,2025-03-13
364,2801,12,2025-09-22
365,2823,11,2025-05-02
366,2844,7,2025-10-30
367,2847,2,2026-01-09
368,2877,1,2025-07-13
369,2880,4,2024-12-13
370,2915,10,2025-07-05
371,2916,10,2024-06-21
372,2917,10,2026-03-29
373,2921,5,2026-01-14
374,2922,3,2025-01-05
375,2922,11,2025-01-13
376,2928,7,2025-02-21
377,2932,9,2024-03-06
378,2933,1,2024-11-08
379,2940,2,2025-12-30
380,2953,2,2025-08-25
381,2959,4,2024-08-12
382,2962,9,2026-04-17
383,2963,11,2025-11-24
384,2965,9,2025-06-10
385,2975,10,2024-12-23
386,2986,1,2025-10-11
387,2997,8,2025-05-29
388,3002,4,2024-03-15
389,3008,4,2024-07-20
390,3010,12,2024-09-25
391,3018,3,2026-04-14
392,3024,7,2025-06-21
393,3029,8,2024-03-21
394,3038,12,2025-08-14
395,3048,12,2024-09-27
396,3053,8,2026-03-08
397,3057,10,2026-01-05
398,3057,6,2025-12-30
399,3060,8,2025-06-24
400,3074,5,2024-05-08
401,3080,10,2025-12-07
402,3087,5,2025-05-05
403,3095,12,2024-04-24
404,3105,12,2024-09-07
405,3107,8,2025-10-02
406,3140,6,2024-04-09
407,3140,1,2024-04-17
408,3144,1,2025-11-01
409,3156,10,2024-08-26
410,3186,10,2026-05-09
411,3189,1,2024-11-07
412,3197,2,2026-03-30
413,3216,10,2024-04-17
414,3217,1,2024-04-20
415,3231,12,2024-07-22
416,3260,6,2025-06-07
417,3274,6,2025-05-25
418,3278,3,2025-04-13
419,3278,4,2025-04-22
420,3289,4,2025-09-22
421,3295,10,2024-08-22
422,3305,12,2024-10-29
423,3325,6,2025-05-09
424,3333,10,2025-11-19
425,3335,3,2026-01-09
426,3349,2,2025-06-14
427,3356,6,2025-06-09
428,3360,9,2025-04-27
429,3364,4,2024-07-06
430,3369,9,2025-05-02
431,3370,10,2024-04-10
432,3377,4,2024-11-30
433,3386,10,2024-07-20
434,3396,3,2025-05-12
435,3403,1,2026-02-02
436,3407,10,2024-12-13
437,3428,10,2024-10-19
438,3438,8,2025-11-09
439,3438,6,2025-09-18
440,3441,12,2024-09-22
441,3443,10,2024-08-13
442,3446,2,2025-05-20
443,3451,12,2024-09-09
444,3455,12,2024-11-19
445,3471,10,2025-09-24
446,3474,7,2026-03-18
447,3475,4,2026-05-23
448,3477,10,2026-04-02
449,3484,12,2024-10-28
450,3506,12,2026-04-24
451,3508,1,2025-04-03
452,3508,3,2025-04-11
453,3522,8,2025-06-11
454,3523,2,2024-04-13
455,3532,10,2024-11-01
456,3538,5,2026-02-21
457,3545,9,2024-03-18
458,3549,12,2026-06-04
459,3552,3,2025-04-11
460,3557,6,2024-02-21
461,3584,7,2025-12-09
462,3584,10,2025-11-13
463,3584,1,2025-11-29
464,3621,3,2024-12-28
465,3622,10,2025-11-15
466,3650,4,2025-06-21
467,3664,1,2026-05-27
468,3670,12,2026-02-19
469,3682,12,2024-10-01
470,3692,9,2025-09-05
471,3693,9,2026-01-02
472,3701,7,2025-12-28
473,3704,7,2024-03-23
474,3707,4,2025-02-13
475,3708,10,2024-06-25
476,3716,11,2025-11-23
477,3728,4,2024-07-21
478,3729,11,2025-06-22
479,3734,9,2025-10-29
480,3745,9,2026-05-06
481,3748,8,2025-08-04
482,3749,12,2025-05-22
483,3761,1,2024-10-15
484,3771,11,2025-11-30
485,3778,4,2024-07-07
486,3787,1,2024-11-17
487,3789,2,2026-04-02
488,3794,1,2025-08-16
489,3797,4,2024-05-24
490,3819,7,2026-04-23
491,3820,11,2025-02-20
492,3825,5,2026-04-21
493,3830,4,2024-09-02
494,3842,5,2025-11-07
495,3852,1,2025-03-23
496,3853,10,2024-09-26
497,3856,12,2024-06-25
498,3857,4,2024-06-04
499,3857,2,2024-05-06
500,3861,10,2024-12-05
501,3876,3,2025-11-02
502,3882,12,2024-03-31
503,3884,11,2024-10-26
504,3885,8,2025-08-03
505,3888,4,2026-03-02
506,3888,11,2026-01-28
507,3896,3,2025-01-15
508,3901,7,2025-07-21
509,3916,2,2024-03-26
510,3918,10,2024-11-20
511,3924,12,2026-03-30
512,3943,11,2025-04-29
513,3951,8,2025-09-03
514,3957,6,2025-06-15
515,3958,10,2024-12-09
516,3963,6,2025-06-26
517,3968,3,2025-11-30
518,3980,4,2025-07-24
519,3983,7,2026-05-05
520,3991,2,2025-10-04
521,3992,9,2026-04-02
522,3997,10,2024-05-13
523,4001,3,2025-11-24
524,4013,4,2024-05-22
525,4025,4,2024-05-26
526,4037,5,2025-10-29
527,4063,10,2024-05-21
528,4063,1,2024-06-12
529,4067,7,2025-04-16
530,4072,10,2025-03-09
531,4073,8,2026-01-26
532,4075,2,2026-02-25
533,4081,10,2024-10-12
534,4102,8,2024-04-09
535,4119,7,2025-11-03
536,4128,12,2024-11-18
537,4129,2,2025-12-09
538,4131,10,2024-07-02
539,4141,2,2026-03-23
540,4155,8,2025-11-15
541,4157,4,2024-08-09
542,4157,12,2024-10-05
543,4180,10,2026-04-03
544,4184,10,2024-07-26
545,4193,11,2025-07-10
546,4195,12,2026-05-02
547,4199,7,2024-04-21
548,4202,9,2024-03-26
549,4211,4,2026-04-25
550,4234,3,2024-06-08
551,4242,4,2024-06-24
552,4257,10,2024-09-11
553,4266,3,2026-04-10
554,4271,4,2025-02-23
555,4275,8,2026-04-24
556,4277,1,2025-01-27
557,4279,2,2025-10-27
558,4287,4,2024-06-24
559,4293,7,2024-03-26
560,4298,12,2025-11-04
561,4302,12,2025-11-27
562,4306,7,2025-06-02
563,4309,4,2024-06-24
564,4324,3,2024-10-24
565,4327,11,2024-02-26
566,4331,2,2026-06-24
567,4335,10,2025-09-04
568,4346,9,2025-09-09
569,4350,11,2026-03-24
570,4361,4,2024-08-07
571,4362,11,2025-04-06
572,4364,7,2025-05-24
573,4374,1,2025-01-15
574,4393,7,2025-11-09
575,4403,5,2025-11-16
576,4405,8,2026-07-14
577,4411,1,2025-07-02
578,4435,4,2025-12-30
579,4459,5,2026-04-22
580,4472,12,2026-02-01
581,4477,1,2025-01-06
582,4481,6,2025-06-02
583,4481,3,2025-07-01
584,4483,4,2025-07-14
585,4488,4,2025-10-11
586,4489,3,2024-05-20
587,4490,11,2026-03-15
588,4504,1,2024-04-18
589,4514,6,2024-04-12
590,4515,4,2024-07-31
591,4518,11,2025-02-26
592,4521,2,2026-04-07
593,4524,1,2025-12-24
594,4526,12,2024-09-26
595,4537,7,2025-05-12
596,4537,12,2025-04-21
597,4541,4,2024-06-17
598,4545,8,2025-06-14
599,4549,7,2024-04-03
600,4562,4,2024-06-24
601,4572,12,2024-09-30
602,4589,2,2025-10-11
603,4591,1,2025-12-25
604,4640,8,2026-04-05
605,4645,11,2024-11-12
606,4647,4,2024-04-23
607,4649,10,2025-06-11
608,4666,10,2024-08-10
609,4672,5,2025-12-05
610,4677,8,2025-08-24
611,4690,12,2024-11-07
612,4698,4,2024-07-17
613,4705,10,2026-06-24
614,4735,8,2025-09-10
615,4736,10,2025-01-27
616,4736,8,2025-02-24
617,4752,7,2026-02-14
618,4753,11,2025-04-26
619,4758,5,2026-02-08
620,4778,6,2025-06-01
621,4785,12,2026-01-16
622,4790,2,2025-12-13
623,4805,1,2026-01-04
624,4823,5,2025-04-09
625,4830,4,2026-01-04
626,4842,12,2026-05-01
627,4845,11,2024-10-21
628,4849,4,2024-02-16
629,4853,4,2024-06-01
630,4858,10,2024-10-17
631,4860,10,2024-12-07
632,4862,10,2025-06-04
633,4869,2,2026-05-22
634,4878,11,2025-03-19
635,4883,11,2026-05-12
636,4884,7,2026-05-28
637,4895,1,2025-06-02
638,4904,7,2026-05-13
639,4905,2,2026-02-22
640,4927,10,2024-06-13
641,4929,12,2024-07-28
642,4930,10,2024-12-25
643,4940,2,2025-10-29
644,4949,10,2024-10-20
645,4962,8,2026-03-29
646,4974,6,2025-04-02
647,4987,2,2025-03-18
648,4989,4,2024-07-09
649,4992,12,2024-04-21
650,4995,1,2024-04-28
651,5006,11,2024-12-21
652,5012,4,2024-07-03
653,5015,8,2026-04-12
654,5019,10,2024-08-21
655,5025,7,2025-10-24
656,5025,8,2025-10-23
657,5047,2,2026-03-06
658,5053,3,2025-12-25
659,5063,3,2026-07-01
660,5064,12,2024-09-28
661,5086,12,2025-09-03
662,5090,5,2024-04-30
663,5103,10,2026-06-11
664,5107,6,2025-02-13
665,5108,9,2025-06-03
666,5109,1,2026-01-28
667,5109,9,2026-02-03
668,5112,12,2025-09-06
669,5123,10,2024-08-28
670,5125,3,2026-04-02
671,5134,4,2024-06-29
672,5134,12,2024-08-15
673,5136,3,2026-05-09
674,5148,7,2025-08-08
675,5149,2,2026-03-06
676,5153,4,2024-05-10
677,5168,1,2025-12-15
678,5176,1,2025-08-24
679,5188,7,2026-04-12
680,5192,4,2026-01-21
681,5193,3,2026-03-09
682,5205,2,2025-02-21
683,5206,12,2024-09-02
684,5210,4,2024-10-21
685,5252,4,2026-02-11
686,5277,8,2024-04-22
687,5284,4,2026-02-10
688,5289,1,2025-02-21
689,5297,7,2025-06-29
690,5305,10,2025-12-06
691,5311,9,2025-01-30
692,5318,12,2024-08-04
693,5321,3,2025-04-23
694,5337,12,2024-06-23
695,5343,5,2025-08-13
696,5358,6,2025-03-20
697,5362,12,2025-10-24
698,5363,1,2024-10-15
699,5377,4,2025-01-10
700,5413,9,2025-06-26
701,5417,2,2026-05-20
702,5421,10,2025-08-09
703,5431,12,2025-01-10
704,5441,4,2024-12-04
705,5443,3,2026-01-16
706,5446,9,2024-12-28
707,5452,10,2024-08-17
708,5487,6,2026-01-27
709,5490,5,2025-12-21
710,5502,7,2025-10-04
711,5515,5,2025-11-14
712,5533,8,2025-06-21
713,5537,3,2024-03-07
714,5545,1,2024-09-18
715,5555,2,2024-04-07
716,5560,8,2024-05-26
717,5565,2,2025-09-24
718,5594,4,2024-04-30
719,5600,9,2025-09-12
720,5633,3,2025-01-24
721,5636,12,2025-06-18
722,5638,1,2025-02-06
723,5666,4,2024-05-05
724,5670,7,2025-04-13
725,5679,4,2024-06-05
726,5682,1,2024-12-26
727,5711,10,2024-12-22
728,5717,9,2025-02-13
729,5726,3,2025-03-01
730,5731,8,2024-03-27
731,5741,4,2024-07-05
732,5752,12,2024-08-29
733,5763,12,2024-11-07
734,5765,12,2024-08-25
735,5773,4,2024-07-07
736,5775,1,2026-06-02
737,5777,11,2025-08-01
738,5785,12,2024-07-20
739,5805,12,2024-07-16
740,5805,4,2024-08-22
741,5806,6,2026-03-30
742,5816,10,2025-12-18
743,5820,10,2026-04-01
744,5820,4,2026-03-05
745,5825,7,2024-06-14
746,5833,5,2026-02-16
747,5833,2,2026-02-25
748,5844,4,2024-11-01
749,5850,1,2025-08-21
750,5852,4,2026-01-22
751,5855,7,2025-07-24
752,5857,6,2025-08-06
753,5861,10,2026-02-03
754,5872,6,2024-04-05
755,5888,12,2026-02-07
756,5904,4,2025-09-15
757,5944,4,2025-09-05
758,5957,6,2025-05-10
759,5960,4,2025-04-22
760,5967,4,2024-06-19
761,5977,9,2025-05-12
762,5991,2,2025-11-28
763,6003,4,2026-05-14
764,6008,10,2025-08-28
765,6024,8,2025-08-30
766,6026,7,2025-09-27
767,6028,12,2025-06-09
768,6046,6,2025-10-02
769,6049,9,2025-05-28
770,6052,11,2025-01-30
771,6052,4,2025-02-12
772,6052,1,2025-02-24
773,6058,2,2025-03-05
774,6067,10,2024-02-25
775,6077,11,2025-09-04
776,6085,12,2024-03-02
777,6099,11,2026-01-29
778,6120,4,2024-08-29
779,6135,7,2025-11-07
780,6139,10,2024-04-17
781,6157,4,2024-06-16
782,6161,6,2026-03-12
783,6164,4,2025-11-24
784,6170,3,2024-03-04
785,6173,4,2025-05-17
786,6185,6,2025-05-26
787,6187,3,2026-06-27
788,6221,10,2025-10-03
789,6230,3,2025-05-24
790,6244,10,2025-06-08
791,6247,12,2025-04-01
792,6260,1,2026-02-03
793,6281,3,2026-04-06
794,6291,12,2026-02-09
795,6294,1,2024-11-08
796,6296,1,2024-10-12
797,6310,2,2025-06-07
798,6310,1,2025-05-22
799,6315,10,2024-10-02
800,6315,4,2024-08-26
801,6317,6,2026-01-15
802,6322,5,2025-09-16
803,6322,4,2025-07-26
804,6341,8,2025-04-03
805,6357,4,2026-02-21
806,6364,3,2026-02-11
807,6365,1,2026-02-26
808,6368,5,2024-04-04
809,6370,3,2025-07-27
810,6371,10,2024-05-17
811,6372,1,2025-08-16
812,6377,5,2026-07-04
813,6390,8,2025-06-07
814,6394,4,2025-11-05
815,6395,4,2025-06-19
816,6405,4,2024-02-15
817,6412,8,2026-03-31
818,6414,4,2025-12-03
819,6423,12,2024-08-14
820,6428,11,2024-11-28
821,6443,4,2024-07-06
822,6451,3,2025-10-10
823,6457,11,2025-02-27
824,6462,8,2025-08-27
825,6463,10,2026-05-24
826,6464,9,2024-04-27
827,6466,7,2025-05-25
828,6471,12,2026-05-07
829,6472,4,2026-04-14
830,6483,12,2025-02-06
831,6486,5,2026-04-23
832,6499,8,2025-02-07
833,6502,12,2025-12-14
834,6506,9,2025-12-01
835,6509,10,2024-07-27
836,6519,4,2024-12-28
837,6560,6,2026-02-19
838,6566,10,2024-11-11
839,6571,4,2025-06-24
840,6585,12,2024-08-16
841,6588,11,2025-11-11
842,6589,2,2026-06-12
843,6593,11,2025-04-14
844,6599,7,2026-01-27
845,6628,7,2024-03-24
846,6629,5,2025-11-27
847,6630,12,2025-09-23
848,6643,1,2026-03-13
849,6648,10,2024-09-02
850,6650,10,2024-12-20
851,6654,4,2024-07-03
852,6668,12,2026-02-20
853,6674,5,2025-09-28
854,6681,10,2024-09-30
855,6685,11,2024-12-28
856,6689,6,2025-09-07
857,6701,5,2026-03-09
858,6727,4,2024-07-08
859,6737,12,2025-02-04
860,6740,8,2025-05-06
861,6740,6,2025-05-12
862,6762,10,2025-12-31
863,6768,2,2025-02-26
864,6773,4,2024-06-29
865,6784,2,2024-03-18
866,6787,12,2024-10-13
867,6792,9,2026-05-29
868,6815,9,2025-07-17
869,6824,4,2024-11-21
870,6846,5,2025-09-02
871,6861,11,2026-02-22
872,6862,12,2025-06-21
873,6864,4,2026-05-27
874,6875,4,2026-06-28
875,6875,7,2026-06-24
876,6877,10,2025-09-04
877,6882,12,2025-01-12
878,6885,1,2026-05-12
879,6887,4,2024-04-22
880,6896,9,2024-05-08
881,6911,3,2024-12-15
882,6913,4,2024-11-24
883,6920,10,2025-06-29
884,6927,7,2026-03-29
885,6935,10,2025-04-30
886,6970,1,2026-06-01
887,6987,10,2024-04-27
888,6988,10,2025-12-18
889,6994,4,2025-01-22
890,6996,3,2025-12-07
891,6997,6,2026-07-05
892,6999,3,2026-03-22
893,7002,1,2024-11-16
894,7015,12,2024-11-13
895,7018,11,2025-11-15
896,7020,2,2025-06-26
897,7022,11,2025-04-09
898,7027,10,2025-01-04
899,7029,7,2025-04-26
900,7030,7,2024-03-15
901,7030,11,2024-03-16
902,7059,10,2024-01-29
903,7061,5,2025-08-22
904,7064,5,2025-10-08
905,7088,4,2024-08-22
906,7089,6,2025-10-22
907,7098,11,2024-12-30
908,7099,12,2025-06-27
909,7103,1,2025-03-12
910,7125,4,2025-11-01
911,7127,10,2024-07-21
912,7137,1,2025-04-21
913,7141,2,2025-05-31
914,7152,2,2025-06-01
915,7168,3,2026-04-17
916,7186,12,2025-03-18
917,7191,10,2024-07-04
918,7194,2,2026-01-21
919,7216,12,2024-11-30
920,7244,7,2026-04-21
921,7257,3,2025-01-16
922,7264,10,2025-05-06
923,7267,4,2024-04-16
924,7299,10,2024-08-07
925,7301,10,2026-02-04
926,7302,6,2025-10-02
927,7304,10,2025-06-10
928,7319,6,2024-03-21
929,7323,4,2024-09-14
930,7324,5,2026-04-12
931,7351,9,2025-10-21
932,7360,1,2025-02-14
933,7364,8,2026-06-30
934,7367,12,2025-10-11
935,7368,4,2024-09-13
936,7390,4,2024-08-20
937,7404,3,2025-01-27
938,7408,10,2025-01-30
939,7418,12,2024-11-23
940,7424,8,2024-05-20
941,7431,7,2025-10-20
942,7432,6,2025-12-11
943,7450,9,2026-01-24
944,7451,10,2025-01-21
945,7455,7,2026-06-15
946,7464,5,2026-02-11
947,7505,10,2024-07-09
948,7521,4,2025-02-11
949,7536,3,2025-01-16
950,7538,3,2024-03-23
951,7549,2,2025-06-21
952,7570,2,2026-01-09
953,7587,11,2026-03-20
954,7591,2,2024-05-22
955,7592,7,2024-03-13
956,7594,6,2025-08-22
957,7594,10,2025-08-31
958,7597,4,2024-05-27
959,7598,4,2024-11-18
960,7602,9,2026-06-16
961,7606,2,2025-10-14
962,7611,10,2024-07-14
963,7615,11,2026-02-27
964,7631,12,2025-01-26
965,7638,5,2025-06-10
966,7649,5,2025-03-23
967,7657,1,2025-08-24
968,7668,8,2025-04-25
969,7682,3,2026-07-23
970,7691,12,2024-04-07
971,7699,2,2025-08-15
972,7699,11,2025-08-11
973,7700,12,2025-03-04
974,7705,4,2025-09-21
975,7711,12,2024-09-26
976,7715,4,2025-08-01
977,7727,12,2024-08-17
978,7727,10,2024-08-17
979,7729,7,2026-02-27
980,7742,12,2024-11-17
981,7768,6,2025-02-01
982,7771,2,2024-04-21
983,7772,11,2026-03-27
984,7775,7,2024-03-26
985,7794,11,2025-01-09
986,7794,3,2024-11-25
987,7801,2,2026-01-30
988,7806,9,2025-04-20
989,7816,1,2025-01-17
990,7817,11,2025-05-22
991,7845,8,2025-12-22
992,7847,11,2026-06-11
993,7848,7,2026-07-11
994,7849,5,2025-02-17
995,7853,3,2026-03-08
996,7855,10,2025-03-08
997,7871,7,2026-02-23
998,7871,3,2026-03-11
999,7878,6,2025-10-15
1000,7894,1,2025-07-08
1001,7895,5,2025-04-12
1002,7896,6,2025-02-23
1003,7909,6,2026-04-23
1004,7917,10,2025-01-02
1005,7928,1,2024-11-19
1006,7933,4,2024-11-22
1007,7940,4,2025-05-15
1008,7947,10,2024-07-24
1009,7952,2,2025-09-13
1010,7957,3,2024-12-26
1011,7966,7,2026-03-01
1012,7971,4,2026-02-09
1013,7978,7,2025-06-30
1014,7985,9,2024-04-07
1015,7995,7,2025-05-17
1016,7998,12,2025-01-15
1017,8002,10,2026-06-15
1018,8011,3,2025-02-20
1019,8013,2,2024-04-17
1020,8014,3,2025-06-04
1021,8017,6,2026-06-17
1022,8019,8,2025-04-07
1023,8024,5,2025-10-23
1024,8044,8,2026-06-23
1025,8046,7,2026-03-07
1026,8048,1,2025-09-21
1027,8052,8,2025-05-09
1028,8073,10,2024-10-27
1029,8078,12,2025-09-07
1030,8080,9,2025-06-02
1031,8084,9,2025-09-01
1032,8092,6,2024-04-03
1033,8096,5,2026-04-07
1034,8139,12,2024-10-11
1035,8144,6,2025-07-23
1036,8151,10,2026-03-26
1037,8159,4,2025-06-05
1038,8160,8,2025-04-17
1039,8174,12,2026-05-09
1040,8176,10,2024-09-01
1041,8181,7,2025-10-14
1042,8211,8,2025-09-26
1043,8213,4,2024-09-14
1044,8215,11,2024-05-11
1045,8216,11,2025-10-17
1046,8220,3,2026-03-30
1047,8226,3,2024-03-15
1048,8229,9,2024-04-10
1049,8233,10,2025-05-05
1050,8239,3,2024-12-27
1051,8244,4,2025-01-28
1052,8246,1,2025-09-20
1053,8261,9,2025-12-11
1054,8262,7,2026-07-10
1055,8264,2,2025-05-30
1056,8265,10,2026-05-22
1057,8288,10,2026-01-24
1058,8290,4,2024-06-20
1059,8296,7,2024-04-17
1060,8305,8,2024-04-25
1061,8312,4,2025-01-18
1062,8324,8,2025-10-31
1063,8334,11,2025-11-07
1064,8335,7,2025-10-03
1065,8341,3,2025-03-05
1066,8351,6,2025-08-17
1067,8352,9,2026-04-01
1068,8363,10,2024-09-04
1069,8365,12,2026-02-11
1070,8374,4,2024-07-20
1071,8377,12,2024-07-18
1072,8388,5,2025-05-13
1073,8446,10,2026-01-17
1074,8447,4,2025-10-09
1075,8453,1,2025-04-07
1076,8458,4,2026-05-26
1077,8478,3,2025-11-15
1078,8488,2,2025-09-11
1079,8496,1,2024-05-01
1080,8497,9,2025-10-29
1081,8503,3,2025-04-19
1082,8504,6,2025-11-20
1083,8520,3,2026-01-22
1084,8521,3,2025-03-02
1085,8536,4,2025-03-25
1086,8538,2,2024-03-09
1087,8554,10,2026-02-02
1088,8564,3,2024-05-09
1089,8564,1,2024-04-27
1090,8570,2,2025-11-11
1091,8574,12,2025-12-26
1092,8580,2,2025-05-23
1093,8597,8,2026-05-05
1094,8608,10,2024-06-05
1095,8610,10,2024-11-08
1096,8616,3,2024-02-29
1097,8619,3,2025-05-05
1098,8629,10,2024-12-17
1099,8638,3,2026-06-11
1100,8648,11,2026-01-31
1101,8653,12,2025-02-06
1102,8653,4,2025-01-28
1103,8678,3,2026-02-05
1104,8678,5,2026-02-06
1105,8704,4,2024-10-08
1106,8705,7,2025-11-30
1107,8731,5,2025-05-14
1108,8742,4,2025-08-18
1109,8742,5,2025-07-31
1110,8757,7,2025-11-20
1111,8758,6,2025-08-24
1112,8759,7,2026-02-18
1113,8771,5,2025-12-20
1114,8778,11,2025-01-06
1115,8782,12,2024-12-28
1116,8810,4,2024-08-30
1117,8813,10,2024-11-21
1118,8817,11,2025-11-19
1119,8832,3,2024-04-16
1120,8838,6,2025-06-05
1121,8843,4,2024-05-26
1122,8853,5,2026-03-07
1123,8854,5,2025-06-22
1124,8884,2,2024-05-10
1125,8890,11,2025-02-20
1126,8890,7,2025-01-15
1127,8896,8,2026-02-10
1128,8897,10,2024-11-14
1129,8918,8,2025-08-15
1130,8924,4,2024-04-27
1131,8937,11,2026-01-21
1132,8939,11,2026-06-15
1133,8941,9,2026-04-04
1134,8959,6,2026-02-07
1135,8983,3,2025-01-07
1136,8985,6,2026-06-28
1137,8999,8,2026-05-21
1138,9000,12,2024-09-16
1139,9005,7,2025-05-08
1140,9007,10,2024-12-27
1141,9009,9,2025-04-20
1142,9025,4,2024-04-24
1143,9027,1,2025-03-03
1144,9041,1,2026-05-28
1145,9046,4,2024-06-16
1146,9059,10,2024-05-06
1147,9062,1,2026-02-21
1148,9066,12,2025-11-27
1149,9088,9,2025-07-08
1150,9094,9,2025-11-19
1151,9103,12,2024-11-24
1152,9122,12,2024-11-02
1153,9123,12,2025-05-02
1154,9142,2,2025-08-02
1155,9144,12,2025-03-26
1156,9147,3,2024-04-01
1157,9151,4,2024-06-27
1158,9154,8,2025-10-28
1159,9155,11,2025-04-07
1160,9162,11,2024-12-20
1161,9169,11,2026-02-21
1162,9191,9,2025-08-01
1163,9195,3,2024-02-24
1164,9206,12,2024-03-28
1165,9209,10,2026-01-30
1166,9217,11,2026-05-12
1167,9222,2,2024-05-02
1168,9224,1,2026-03-23
1169,9231,6,2025-11-02
1170,9241,4,2024-02-10
1171,9257,2,2025-10-28
1172,9260,5,2025-07-31
1173,9265,2,2026-04-29
1174,9269,5,2025-06-17
1175,9290,8,2026-06-17
1176,9291,9,2025-05-28
1177,9296,8,2025-05-11
1178,9302,3,2026-04-09
1179,9306,6,2025-08-07
1180,9313,12,2026-02-02
1181,9317,7,2024-05-01
1182,9327,8,2025-09-02
1183,9333,7,2026-03-09
1184,9338,12,2025-12-23
1185,9340,8,2025-12-18
1186,9342,7,2025-11-24
1187,9343,4,2025-04-16
1188,9344,3,2025-01-05
1189,9348,9,2025-09-28
1190,9360,8,2026-01-02
1191,9368,9,2026-01-04
1192,9378,4,2026-02-23
1193,9384,5,2025-10-09
1194,9386,11,2025-03-18
1195,9386,10,2025-03-20
1196,9391,11,2024-12-26
1197,9409,11,2024-11-05
1198,9410,4,2026-06-08
1199,9412,12,2025-04-01
1200,9422,7,2025-03-15
1201,9426,11,2024-11-30
1202,9428,4,2025-02-07
1203,9442,11,2025-02-09
1204,9447,9,2026-04-28
1205,9455,4,2024-11-22
1206,9474,1,2025-12-20
1207,9476,9,2026-03-24
1208,9493,12,2025-07-11
1209,9498,3,2024-12-24
1210,9508,1,2025-05-16
1211,9515,1,2026-03-09
1212,9524,4,2025-02-08
1213,9526,4,2024-07-31
1214,9532,10,2026-01-31
1215,9547,4,2025-02-21
1216,9559,1,2025-02-10
1217,9574,12,2025-05-20
1218,9578,3,2026-05-22
1219,9578,6,2026-04-08
1220,9581,3,2024-05-03
1221,9585,3,2025-01-18
1222,9590,5,2025-12-01
1223,9594,4,2026-05-13
1224,9594,1,2026-05-21
1225,9603,11,2025-03-03
1226,9614,3,2026-02-07
1227,9626,9,2026-04-10
1228,9628,9,2025-07-06
1229,9642,4,2025-03-23
1230,9643,5,2024-04-28
1231,9658,7,2025-07-17
1232,9710,6,2024-05-14
1233,9717,10,2024-06-13
1234,9721,3,2025-09-30
1235,9741,11,2025-06-08
1236,9752,11,2024-10-24
1237,9756,2,2025-04-07
1238,9773,12,2025-09-09
1239,9777,2,2024-06-24
1240,9786,10,2024-03-25
1241,9787,7,2026-04-01
1242,9790,12,2024-11-21
1243,9799,8,2025-07-17
1244,9819,9,2026-06-05
1245,9846,11,2024-10-12
1246,9849,6,2026-02-19
1247,9877,6,2025-10-07
1248,9877,5,2025-08-15
1249,9888,3,2025-08-02
1250,9904,6,2025-03-15
1251,9909,5,2026-06-25
1252,9915,3,2025-02-14
1253,9915,4,2025-04-14
1254,9915,7,2025-02-23
1255,9921,12,2024-05-10
1256,9923,3,2026-02-20
1257,9925,10,2024-08-24
1258,9925,12,2024-08-12
1259,9941,5,2026-03-12
1260,9950,7,2025-05-22
1261,9972,4,2024-12-16
1262,9977,6,2025-08-04
1263,9983,6,2025-11-28
1264,9992,3,2025-01-17
1265,9993,1,2024-02-28
1266,9999,9,2025-12-01
1267,10011,12,2025-12-03
1268,10015,5,2024-03-20
1269,10016,10,2024-11-20
1270,10024,6,2024-03-21
1271,10059,3,2024-02-19
1272,10065,9,2025-04-30
1273,10068,4,2024-06-04
1274,10069,12,2024-08-08
1275,10072,7,2026-03-09
1276,10076,7,2025-09-18
1277,10077,11,2024-10-31
1278,10090,11,2025-02-10
1279,10112,2,2025-02-07
1280,10116,6,2024-05-07
1281,10119,11,2026-05-09
1282,10121,3,2025-09-25
1283,10136,7,2026-03-04
1284,10147,10,2025-12-26
1285,10148,7,2025-09-03
1286,10149,6,2026-03-01
1287,10158,2,2025-05-24
1288,10192,1,2025-01-03
1289,10197,3,2025-09-02
1290,10202,5,2025-05-25
1291,10203,8,2024-05-15
1292,10218,12,2024-12-09
1293,10218,1,2024-11-19
1294,10226,8,2025-10-27
1295,10237,8,2026-02-10
1296,10240,5,2026-05-27
1297,10248,9,2025-09-03
1298,10252,6,2025-09-20
1299,10274,2,2025-11-15
1300,10280,2,2026-03-03
1301,10283,9,2026-02-01
1302,10294,6,2026-01-28
1303,10312,3,2025-07-11
1304,10322,8,2026-05-23
1305,10327,11,2025-01-29
1306,10331,4,2024-08-05
1307,10335,4,2025-08-26
1308,10346,1,2025-11-14
1309,10351,11,2025-01-20
1310,10355,6,2026-04-29
1311,10356,5,2026-03-25
1312,10359,12,2025-04-29
1313,10360,10,2024-11-06
1314,10364,1,2025-09-17
1315,10369,4,2026-01-20
1316,10374,5,2024-04-22
1317,10406,12,2024-07-26
1318,10407,6,2024-02-22
1319,10414,4,2025-08-31
1320,10415,4,2024-06-01
1321,10417,4,2024-04-28
1322,10427,7,2026-01-20
1323,10438,11,2026-04-19
1324,10440,4,2025-10-11
1325,10443,6,2024-03-05
1326,10449,10,2024-09-27
1327,10464,10,2024-06-27
1328,10467,4,2026-02-20
1329,10475,12,2026-07-16
1330,10485,2,2025-02-03
1331,10489,4,2025-03-19
1332,10495,12,2025-05-27
1333,10503,12,2026-03-21
1334,10508,3,2024-04-30
1335,10515,12,2024-08-08
1336,10523,2,2025-03-09
1337,10549,7,2026-02-12
1338,10553,4,2024-09-14
1339,10572,7,2026-04-01
1340,10574,10,2025-07-29
1341,10586,7,2025-06-30
1342,10589,4,2025-10-17
1343,10592,12,2025-08-09
1344,10593,6,2025-02-11
1345,10598,10,2025-01-25
1346,10599,4,2024-10-21
1347,10607,4,2026-04-09
1348,10615,6,2025-09-12
1349,10616,12,2026-04-08
1350,10627,9,2025-02-13
1351,10627,3,2025-01-21
1352,10634,2,2026-01-26
1353,10642,4,2025-02-28
1354,10657,12,2026-01-26
1355,10667,2,2026-04-22
1356,10672,7,2025-05-10
1357,10678,12,2026-03-29
1358,10686,8,2025-11-02
1359,10698,12,2025-01-28
1360,10700,9,2025-09-17
1361,10701,9,2026-01-03
1362,10705,11,2024-04-27
1363,10707,4,2024-09-19
1364,10718,8,2025-05-12
1365,10719,10,2024-08-10
1366,10724,10,2024-05-02
1367,10725,5,2025-03-24
1368,10727,10,2026-04-04
1369,10730,7,2026-04-22
1370,10734,9,2024-04-30
1371,10735,4,2024-07-13
1372,10740,12,2024-12-16
1373,10742,2,2026-05-11
1374,10748,4,2026-01-25
1375,10759,6,2025-04-20
1376,10779,12,2026-03-25
1377,10788,12,2026-01-20
1378,10793,6,2025-02-22
1379,10796,8,2025-07-11
1380,10801,5,2025-09-05
1381,10811,11,2026-04-24
1382,10812,1,2024-09-21
1383,10813,10,2025-06-01
1384,10816,5,2025-04-14
1385,10828,4,2025-03-15
1386,10833,11,2024-12-09
1387,10841,4,2024-11-24
1388,10860,12,2025-05-27
1389,10862,10,2024-07-02
1390,10870,12,2024-08-13
1391,10895,9,2026-03-13
1392,10905,9,2025-10-11
1393,10908,10,2024-04-15
1394,10935,12,2024-08-05
1395,10955,9,2025-05-17
1396,10961,1,2025-07-20
1397,10963,10,2024-12-23
1398,10973,4,2025-09-15
1399,10982,10,2024-10-06
1400,11005,3,2026-02-12
1401,11019,4,2025-11-09
1402,11041,8,2024-05-23
1403,11044,4,2026-03-19
1404,11045,8,2025-03-10
1405,11051,11,2025-05-31
1406,11065,4,2024-07-15
1407,11074,3,2024-11-28
1408,11075,10,2024-04-10
1409,11075,5,2024-03-21
1410,11092,11,2024-11-06
1411,11101,11,2024-09-03
1412,11102,9,2024-04-25
1413,11106,3,2026-02-21
1414,11106,10,2026-03-31
1415,11118,2,2026-03-20
1416,11122,11,2025-01-05
1417,11129,4,2024-06-19
1418,11132,9,2025-04-17
1419,11133,5,2024-02-26
1420,11136,6,2026-06-05
1421,11141,5,2026-03-28
1422,11143,2,2025-10-20
1423,11144,3,2025-02-16
1424,11145,10,2024-04-14
1425,11151,1,2024-04-30
1426,11154,1,2025-07-22
1427,11159,4,2025-03-14
1428,11162,3,2025-01-31
1429,11163,9,2026-06-04
1430,11175,2,2025-06-09
1431,11180,7,2025-07-17
1432,11184,12,2024-09-06
1433,11192,12,2026-05-03
1434,11215,4,2024-06-23
1435,11216,4,2025-02-12
1436,11221,7,2026-04-28
1437,11229,12,2026-02-06
1438,11230,10,2026-02-21
1439,11233,10,2026-06-20
1440,11243,10,2025-03-26
1441,11243,11,2025-04-24
1442,11246,11,2024-10-13
1443,11247,11,2024-11-17
1444,11249,10,2025-08-14
1445,11254,12,2025-08-18
1446,11254,4,2025-09-03
1447,11262,11,2026-02-07
1448,11263,11,2024-11-19
1449,11292,9,2025-09-24
1450,11313,12,2025-01-28
1451,11314,4,2024-08-04
1452,11319,12,2025-11-21
1453,11325,8,2025-03-05
1454,11330,11,2025-10-25
1455,11335,4,2025-11-06
1456,11340,10,2024-08-25
1457,11343,9,2026-02-21
1458,11347,12,2024-03-21
1459,11355,12,2024-07-30
1460,11356,7,2026-05-08
1461,11359,12,2024-07-18
1462,11359,10,2024-07-23
1463,11360,10,2026-03-24
1464,11362,10,2025-07-17
1465,11375,3,2025-05-28
1466,11377,8,2024-03-30
1467,11379,5,2026-04-07
1468,11390,6,2024-05-26
1469,11394,12,2025-05-20
1470,11406,12,2024-08-23
1471,11429,6,2024-03-23
1472,11435,9,2025-10-05
1473,11435,1,2025-10-16
1474,11496,6,2025-02-02
1475,11498,10,2026-03-28
1476,11501,1,2024-03-03
1477,11506,12,2024-04-09
1478,11515,9,2025-04-20
1479,11520,10,2024-05-25
1480,11525,4,2024-06-21
1481,11531,11,2024-10-15
1482,11532,2,2025-05-24
1483,11574,7,2025-05-20
1484,11595,4,2024-06-14
1485,11611,11,2024-10-17
1486,11620,9,2025-12-04
1487,11621,1,2026-06-15
1488,11640,4,2026-06-03
1489,11642,2,2025-03-17
1490,11643,1,2024-10-09
1491,11669,4,2026-04-21
1492,11680,12,2024-02-22
1493,11682,1,2025-10-21
1494,11686,4,2024-07-29
1495,11688,1,2024-11-03
1496,11690,1,2024-09-14
1497,11699,7,2025-12-25
1498,11701,3,2025-09-03
1499,11720,11,2025-08-01
1500,11738,12,2026-06-29
1501,11738,10,2026-05-06
1502,11746,4,2025-11-10
1503,11748,3,2026-02-12
1504,11755,11,2025-11-14
1505,11755,8,2025-12-27
1506,11761,10,2025-10-28
1507,11767,11,2024-09-21
1508,11767,1,2024-10-31
1509,11773,3,2026-02-20
1510,11780,10,2025-10-20
1511,11802,4,2024-06-10
1512,11812,2,2025-07-02
1513,11820,7,2025-03-18
1514,11829,5,2025-11-01
1515,11832,10,2024-12-22
1516,11839,8,2024-03-13
1517,11840,1,2024-09-25
1518,11852,12,2024-10-30
1519,11858,1,2026-05-01
1520,11870,4,2024-10-06
1521,11873,9,2025-05-24
1522,11877,10,2025-11-25
1523,11879,4,2024-09-07
1524,11882,11,2026-03-13
1525,11907,4,2025-03-27
1526,11913,3,2025-01-13
1527,11913,1,2025-01-12
1528,11914,8,2024-03-30
1529,11926,7,2026-01-20
1530,11927,1,2026-05-09
1531,11934,5,2025-08-04
1532,11936,4,2024-12-03
1533,11939,11,2025-03-19
1534,11958,1,2024-11-28
1535,11961,9,2025-11-13
1536,11962,1,2025-05-30
1537,11975,2,2024-05-02
1538,11996,2,2025-05-31
1539,12002,2,2025-12-13
1540,12004,12,2026-04-23
1541,12012,12,2026-02-04
1542,12014,8,2026-04-14
1543,12015,11,2025-08-10
1544,12025,9,2026-02-01
1545,12032,5,2026-02-17
1546,12054,6,2025-09-03
1547,12059,11,2025-11-15
1548,12074,1,2026-01-15
1549,12080,5,2025-08-19
1550,12084,3,2026-02-17
1551,12090,4,2024-06-28
1552,12092,9,2025-12-04
1553,12097,4,2024-09-02
1554,12098,9,2024-03-16
1555,12107,4,2024-07-30
1556,12111,9,2026-06-04
1557,12133,8,2026-01-07
1558,12148,6,2024-05-13
1559,12163,6,2024-02-21
1560,12171,4,2024-12-14
1561,12174,2,2024-05-02
1562,12175,10,2025-11-23
1563,12180,10,2024-10-31
1564,12193,7,2026-01-02
1565,12196,10,2024-10-02
1566,12200,2,2025-08-12
1567,12211,12,2026-02-26
1568,12225,4,2024-10-28
1569,12226,4,2026-07-26
1570,12229,4,2026-03-09
1571,12237,2,2025-10-13
1572,12254,4,2025-08-31
1573,12261,4,2025-09-08
1574,12270,4,2025-03-07
1575,12276,4,2025-02-03
1576,12286,6,2025-02-12
1577,12298,12,2024-08-08
1578,12303,4,2026-05-26
1579,12308,12,2026-02-08
1580,12312,1,2024-12-25
1581,12316,1,2025-01-11
1582,12324,9,2025-09-19
1583,12342,7,2026-04-22
1584,12344,1,2025-03-01
1585,12362,8,2025-07-05
1586,12363,12,2025-06-28
1587,12397,6,2025-02-09
1588,12398,12,2024-12-14
1589,12399,4,2024-03-30
1590,12408,6,2024-06-09
1591,12411,2,2025-03-09
1592,12418,3,2026-02-05
1593,12428,8,2025-12-08
1594,12430,8,2026-07-01
1595,12439,12,2024-04-13
1596,12445,3,2024-11-03
1597,12449,1,2026-06-01
1598,12451,3,2024-02-20
1599,12455,11,2026-03-26
1600,12455,4,2026-03-23
1601,12458,3,2025-06-23
1602,12471,4,2024-07-31
1603,12476,12,2024-07-20
1604,12479,4,2024-08-10
1605,12506,3,2025-01-02
1606,12528,3,2026-05-11
1607,12529,11,2024-12-30
1608,12532,8,2025-06-28
1609,12555,1,2024-12-20
1610,12558,1,2025-06-30
1611,12558,8,2025-05-22
1612,12566,10,2024-03-29
1613,12582,5,2025-07-29
1614,12584,7,2025-04-11
1615,12585,7,2025-04-18
1616,12585,9,2025-02-28
1617,12594,9,2026-01-04
1618,12595,8,2024-05-20
1619,12613,4,2024-06-04
1620,12614,7,2024-03-19
1621,12622,3,2026-04-05
1622,12634,7,2025-12-11
1623,12634,6,2025-12-23
1624,12636,4,2026-01-23
1625,12645,3,2025-08-30
1626,12645,7,2025-08-06
1627,12650,7,2025-09-25
1628,12650,2,2025-10-09
1629,12662,9,2024-05-13
1630,12669,6,2026-02-20
1631,12671,11,2026-01-17
1632,12691,4,2025-08-09
1633,12707,5,2025-06-18
1634,12709,7,2025-12-06
1635,12725,4,2025-09-22
1636,12748,1,2025-12-15
1637,12748,6,2025-12-18
1638,12750,12,2024-12-18
1639,12763,11,2025-03-26
1640,12771,12,2024-12-31
1641,12780,10,2024-11-04
1642,12791,3,2026-02-27
1643,12805,4,2025-03-07
1644,12817,12,2024-10-14
1645,12819,9,2025-01-22
1646,12848,11,2025-01-20
1647,12856,10,2024-09-24
1648,12857,6,2026-07-04
1649,12861,5,2025-06-08
1650,12864,1,2025-07-28
1651,12872,9,2024-04-21
1652,12880,10,2024-08-02
1653,12882,12,2025-02-11
1654,12886,12,2026-03-31
1655,12891,9,2024-05-08
1656,12896,5,2025-08-11
1657,12902,11,2024-12-10
1658,12905,7,2025-10-14
1659,12908,1,2024-11-22
1660,12910,5,2025-06-19
1661,12922,6,2024-04-14
1662,12924,2,2025-05-20
1663,12928,2,2025-03-05
1664,12931,1,2026-01-23
1665,12934,5,2025-08-23
1666,12971,12,2024-07-12
1667,12976,4,2024-04-17
1668,12982,12,2025-02-15
1669,12995,10,2024-08-28
1670,13004,12,2025-09-03
1671,13030,1,2025-08-03
1672,13032,1,2024-11-14
1673,13044,6,2025-02-17
1674,13052,7,2025-06-28
1675,13054,7,2026-06-08
1676,13066,12,2024-11-16
1677,13067,1,2024-10-04
1678,13068,4,2024-10-31
1679,13073,2,2025-04-15
1680,13074,11,2024-12-08
1681,13075,12,2024-10-07
1682,13091,6,2026-05-24
1683,13105,7,2026-05-14
1684,13122,1,2026-01-22
1685,13126,6,2024-03-23
1686,13127,10,2025-02-16
1687,13140,4,2024-06-20
1688,13146,12,2025-08-20
1689,13149,5,2025-05-11
1690,13160,4,2025-06-10
1691,13162,3,2026-04-08
1692,13164,4,2024-05-14
1693,13175,11,2025-10-31
1694,13180,4,2026-01-28
1695,13210,12,2025-05-29
1696,13216,9,2025-05-22
1697,13225,4,2024-09-19
1698,13231,10,2026-05-11
1699,13238,4,2025-10-08
1700,13238,2,2025-10-13
1701,13246,3,2025-03-20
1702,13249,6,2026-06-29
1703,13263,4,2024-07-08
1704,13280,12,2025-01-13
1705,13281,10,2024-03-21
1706,13286,2,2024-05-26
1707,13287,9,2025-03-11
1708,13296,4,2025-03-19
1709,13302,12,2024-08-04
1710,13306,11,2025-02-26
1711,13318,12,2024-09-17
1712,13320,10,2026-02-11
1713,13321,2,2026-02-03
1714,13323,5,2026-02-26
1715,13323,2,2026-02-21
1716,13337,1,2026-03-23
1717,13362,12,2026-04-14
1718,13371,7,2025-07-03
1719,13387,9,2026-03-14
1720,13396,7,2025-02-07
1721,13399,10,2025-01-05
1722,13411,4,2026-06-23
1723,13430,3,2025-11-03
1724,13434,9,2025-08-10
1725,13453,12,2025-04-08
1726,13460,10,2024-03-20
1727,13463,12,2024-08-08
1728,13464,11,2025-05-05
1729,13470,6,2026-04-04
1730,13473,10,2024-08-04
1731,13474,2,2025-02-19
1732,13478,10,2024-07-10
1733,13486,9,2025-12-24
1734,13487,11,2025-04-24
1735,13488,5,2024-03-27
1736,13493,8,2024-04-24
1737,13494,10,2024-07-31
1738,13494,4,2024-09-05
1739,13520,5,2025-03-10
1740,13522,2,2026-05-31
1741,13532,4,2025-04-07
1742,13550,11,2024-12-26
1743,13559,12,2025-11-24
1744,13560,3,2025-04-10
1745,13562,12,2024-04-06
1746,13572,2,2025-08-25
1747,13587,12,2025-08-09
1748,13589,7,2025-07-24
1749,13596,8,2025-10-22
1750,13597,5,2026-02-13
1751,13615,9,2025-04-03
1752,13616,11,2024-11-09
1753,13622,6,2025-10-26
1754,13627,3,2025-06-09
1755,13629,1,2024-03-22
1756,13643,7,2025-10-05
1757,13645,11,2024-03-23
1758,13646,7,2024-05-07
1759,13656,3,2024-03-18
1760,13668,4,2024-07-14
1761,13679,12,2025-12-31
1762,13682,1,2024-11-12
1763,13714,11,2025-05-23
1764,13726,8,2026-03-23
1765,13734,3,2025-03-14
1766,13737,9,2025-07-31
1767,13743,4,2026-01-21
1768,13746,3,2025-08-07
1769,13773,6,2025-10-22
1770,13787,2,2025-02-18
1771,13795,10,2026-06-16
1772,13803,10,2024-07-11
1773,13828,4,2024-12-31
1774,13829,9,2025-09-01
1775,13831,4,2024-08-27
1776,13850,6,2025-10-06
1777,13862,7,2025-03-13
1778,13865,6,2024-02-25
1779,13879,5,2025-10-18
1780,13883,4,2025-03-02
1781,13900,12,2025-05-23
1782,13917,11,2026-04-02
1783,13930,10,2024-06-19
1784,13938,10,2024-09-08
1785,13945,12,2025-09-24
1786,13949,7,2024-05-22
1787,13956,10,2024-03-30
1788,13979,4,2025-02-23
1789,13989,1,2026-04-24
1790,14002,1,2025-08-26
1791,14003,9,2026-01-11
1792,14004,4,2026-01-14
1793,14015,8,2025-11-15
1794,14024,8,2025-11-29
1795,14028,11,2025-09-07
1796,14030,10,2024-09-19
1797,14031,7,2025-12-29
1798,14046,8,2024-05-12
1799,14050,11,2025-01-23
1800,14058,12,2026-02-09
1801,14066,8,2026-02-27
1802,14077,5,2025-04-13
1803,14084,6,2025-04-11
1804,14087,1,2024-11-04
1805,14087,4,2024-10-29
1806,14093,12,2025-10-22
1807,14101,11,2025-01-03
1808,14103,4,2024-07-16
1809,14108,12,2025-04-19
1810,14132,4,2024-07-06
1811,14134,12,2026-02-20
1812,14141,10,2025-01-25
1813,14145,11,2024-12-01
1814,14146,1,2025-02-26
1815,14153,10,2024-08-15
1816,14153,4,2024-06-17
1817,14163,7,2025-12-10
1818,14171,3,2025-07-04
1819,14186,3,2026-04-28
1820,14189,10,2025-06-04
1821,14195,9,2026-05-16
1822,14198,11,2025-02-26
1823,14206,12,2024-08-18
1824,14206,4,2024-08-25
1825,14224,5,2025-11-15
1826,14226,10,2025-10-07
1827,14247,12,2025-10-22
1828,14255,12,2024-09-15
1829,14255,4,2024-09-03
1830,14256,3,2025-08-23
1831,14262,3,2025-02-04
1832,14263,1,2026-01-13
1833,14268,10,2024-08-04
1834,14276,3,2024-10-11
1835,14283,12,2024-09-29
1836,14290,11,2024-11-11
1837,14297,4,2026-04-05
1838,14301,3,2024-05-04
1839,14306,4,2024-11-02
1840,14319,1,2024-11-09
1841,14328,4,2025-01-12
1842,14358,3,2025-08-10
1843,14359,5,2024-02-14
1844,14373,11,2025-04-17
1845,14414,12,2026-05-10
1846,14415,10,2025-10-29
1847,14420,10,2024-11-07
1848,14428,10,2025-02-16
1849,14449,12,2024-08-11
1850,14462,10,2024-05-31
1851,14467,6,2025-01-31
1852,14479,1,2026-01-18
1853,14501,11,2025-07-25
1854,14516,4,2024-07-15
1855,14519,8,2025-10-06
1856,14529,1,2025-01-15
1857,14545,11,2025-01-27
1858,14556,11,2025-07-08
1859,14565,11,2025-11-09
1860,14566,8,2025-08-15
1861,14575,3,2025-01-06
1862,14577,2,2024-12-22
1863,14609,4,2024-11-24
1864,14622,10,2026-05-24
1865,14631,1,2025-01-31
1866,14634,9,2026-07-19
1867,14637,2,2025-09-20
1868,14643,12,2025-08-09
1869,14655,3,2026-05-20
1870,14659,8,2026-06-01
1871,14666,7,2026-02-12
1872,14682,7,2025-12-27
1873,14683,11,2024-04-14
1874,14684,4,2024-08-26
1875,14696,7,2025-03-26
1876,14707,11,2025-01-04
1877,14740,5,2026-01-16
1878,14753,11,2024-12-18
1879,14759,7,2026-04-04
1880,14775,3,2026-01-12
1881,14780,1,2024-10-08
1882,14782,12,2024-02-07
1883,14783,12,2025-08-09
1884,14787,10,2024-07-23
1885,14824,3,2025-04-17
1886,14843,8,2025-11-13
1887,14876,10,2024-03-14
1888,14883,8,2025-07-28
1889,14895,12,2025-07-27
1890,14906,6,2026-04-27
1891,14909,1,2024-12-17
1892,14912,7,2025-05-11
1893,14919,6,2025-08-22
1894,14923,5,2026-03-26
1895,14925,3,2026-02-15
1896,14930,4,2024-11-16
1897,14930,3,2024-11-27
1898,14934,6,2024-05-03
1899,14944,3,2025-03-14
1900,14951,10,2025-01-13
1901,14965,3,2025-09-20
1902,14967,4,2024-10-05
1903,14988,12,2025-01-16
1904,15028,2,2025-01-22
1905,15040,10,2025-05-31
1906,15047,1,2025-09-30
1907,15057,1,2024-12-27
1908,15058,10,2025-05-12
1909,15065,11,2025-02-14
1910,15070,1,2024-11-14
1911,15071,11,2026-02-14
1912,15075,11,2025-12-11
1913,15080,1,2024-02-23
1914,15087,12,2024-09-06
1915,15088,9,2024-06-20
1916,15123,6,2025-07-15
1917,15125,9,2025-11-19
1918,15125,5,2025-11-05
1919,15141,12,2025-06-17
1920,15146,5,2025-09-13
1921,15151,4,2025-05-04
1922,15152,4,2025-07-02
1923,15154,2,2025-09-17
1924,15157,4,2024-10-04
1925,15157,12,2024-11-02
1926,15161,11,2025-01-11
1927,15164,6,2026-05-14
1928,15166,12,2024-07-04
1929,15185,3,2025-04-03
1930,15197,7,2024-04-30
1931,15198,10,2025-04-25
1932,15207,2,2025-11-21
1933,15208,8,2025-06-02
1934,15214,10,2026-01-03
1935,15223,6,2025-02-27
1936,15225,4,2024-06-08
1937,15228,10,2024-05-04
1938,15237,6,2025-02-16
1939,15242,10,2024-06-01
1940,15263,8,2026-05-18
1941,15285,3,2026-04-23
1942,15306,9,2025-07-05
1943,15307,3,2025-05-08
1944,15318,12,2024-08-01
1945,15320,6,2025-06-16
1946,15327,5,2026-01-06
1947,15334,10,2026-02-11
1948,15345,12,2024-07-11
1949,15346,12,2025-01-15
1950,15362,6,2025-01-04
1951,15368,4,2024-08-16
1952,15374,10,2024-10-29
1953,15383,4,2024-07-23
1954,15386,1,2026-06-12
1955,15404,6,2025-12-22
1956,15412,12,2025-01-16
1957,15423,3,2026-05-22
1958,15424,3,2025-07-02
1959,15425,7,2024-05-16
1960,15433,11,2025-01-21
1961,15444,8,2025-03-14
1962,15448,7,2024-03-06
1963,15458,6,2025-02-20
1964,15463,1,2025-09-22
1965,15465,10,2025-05-15
1966,15474,1,2024-10-06
1967,15495,4,2025-07-08
1968,15498,2,2025-12-29
1969,15500,4,2024-05-12
1970,15504,5,2026-04-22
1971,15516,1,2026-04-03
1972,15530,8,2025-11-23
1973,15532,9,2026-02-20
1974,15537,9,2026-04-26
1975,15547,1,2025-01-02
1976,15549,9,2025-10-20
1977,15563,9,2026-03-24
1978,15568,7,2025-06-08
1979,15573,5,2026-01-13
1980,15587,7,2024-04-17
1981,15588,10,2024-05-31
1982,15602,2,2024-05-06
1983,15639,8,2026-05-29
1984,15644,4,2024-11-25
1985,15679,6,2025-08-26
1986,15684,4,2024-06-22
1987,15697,5,2025-07-14
1988,15698,4,2026-04-19
1989,15708,10,2025-04-29
1990,15711,9,2025-11-03
1991,15716,7,2025-07-17
1992,15722,1,2024-04-27
1993,15737,6,2026-06-14
1994,15737,3,2026-05-29
1995,15759,4,2024-07-06
1996,15768,3,2024-12-30
1997,15771,1,2026-03-28
1998,15788,5,2026-04-01
1999,15820,6,2026-05-30
2000,15828,5,2025-05-03
2001,15838,12,2024-10-08
2002,15841,4,2025-09-02
2003,15842,11,2025-01-26
2004,15872,11,2024-12-19
2005,15872,3,2024-12-28
2006,15880,10,2024-12-01
2007,15884,11,2025-08-13
2008,15890,10,2025-12-25
2009,15892,11,2026-06-03
2010,15914,12,2024-08-14
2011,15934,10,2025-12-31
2012,15935,5,2025-05-13
2013,15937,6,2024-03-09
2014,15953,11,2025-09-25
2015,15962,10,2025-09-21
2016,15976,3,2026-06-02
2017,15984,7,2026-02-21
2018,15987,2,2025-05-06
2019,15996,12,2024-12-18
2020,16017,6,2025-03-30
2021,16019,6,2025-01-02
2022,16040,10,2025-10-01
2023,16047,11,2025-04-03
2024,16066,7,2024-06-04
2025,16066,1,2024-06-01
2026,16067,4,2025-09-15
2027,16089,7,2025-03-16
2028,16093,4,2025-06-08
2029,16101,10,2026-02-24
2030,16108,10,2024-06-27
2031,16122,3,2026-03-29
2032,16133,10,2026-06-29
2033,16137,12,2024-08-17
2034,16166,10,2024-05-02
2035,16170,12,2024-06-12
2036,16170,10,2024-07-07
2037,16192,5,2026-01-06
2038,16200,9,2025-04-07
2039,16209,12,2024-09-26
2040,16224,12,2024-09-19
2041,16252,4,2024-08-04
2042,16262,12,2025-01-31
2043,16263,5,2026-01-22
2044,16285,2,2026-06-25
2045,16305,5,2024-04-12
2046,16310,12,2026-01-08
2047,16317,2,2025-03-06
2048,16321,12,2024-03-14
2049,16337,10,2024-09-13
2050,16347,11,2026-02-18
2051,16354,10,2024-08-18
2052,16363,10,2024-04-20
2053,16371,12,2024-11-10
2054,16379,2,2025-05-06
2055,16397,4,2026-05-14
2056,16401,6,2025-12-17
2057,16405,4,2026-01-17
2058,16405,10,2025-12-05
2059,16408,10,2026-02-11
2060,16410,8,2025-12-13
2061,16423,4,2024-06-13
2062,16426,10,2025-01-03
2063,16428,1,2025-07-12
2064,16438,4,2024-09-14
2065,16439,10,2024-06-27
2066,16469,9,2026-03-28
2067,16478,12,2026-05-19
2068,16493,10,2024-06-02
2069,16504,4,2024-10-21
2070,16512,4,2024-03-24
2071,16516,12,2025-09-08
2072,16518,1,2024-12-16
2073,16522,6,2025-11-23
2074,16536,4,2024-05-12
2075,16537,6,2025-06-07
2076,16541,11,2024-11-25
2077,16546,1,2024-09-05
2078,16558,2,2025-06-24
2079,16570,1,2025-01-14
2080,16577,4,2024-07-31
2081,16582,8,2025-03-18
2082,16591,4,2024-07-25
2083,16594,7,2026-04-29
2084,16615,7,2026-04-19
2085,16619,4,2024-05-12
2086,16622,3,2024-03-21
2087,16625,4,2026-06-09
2088,16649,11,2024-11-21
2089,16656,4,2024-12-08
2090,16665,8,2026-02-13
2091,16686,4,2024-05-26
2092,16688,4,2024-05-29
2093,16695,2,2025-09-29
2094,16699,9,2025-12-17
2095,16700,10,2026-06-08
2096,16703,12,2024-10-30
2097,16709,3,2025-07-10
2098,16711,4,2025-10-22
2099,16713,6,2025-07-12
2100,16717,10,2024-11-12
2101,16719,12,2026-03-15
2102,16720,2,2025-10-03
2103,16721,3,2026-05-08
2104,16725,6,2026-05-22
2105,16737,3,2024-04-14
2106,16742,9,2025-10-15
2107,16764,10,2024-12-04
2108,16765,5,2025-03-18
2109,16782,4,2024-12-07
2110,16792,12,2026-03-11
2111,16817,7,2024-04-17
2112,16818,9,2024-02-18
2113,16823,12,2026-06-09
2114,16826,4,2024-06-23
2115,16831,5,2025-08-10
2116,16856,12,2024-09-19
2117,16860,12,2024-04-18
2118,16860,7,2024-03-17
2119,16863,10,2025-10-17
2120,16870,3,2025-08-07
2121,16882,4,2024-08-31
2122,16885,1,2024-11-19
2123,16888,1,2024-12-26
2124,16892,7,2025-12-12
2125,16892,8,2026-01-10
2126,16905,9,2025-07-12
2127,16938,4,2025-01-13
2128,16941,9,2026-05-01
2129,16942,4,2024-06-25
2130,16947,1,2024-11-10
2131,16959,10,2025-05-09
2132,16960,2,2025-08-26
2133,16968,4,2024-06-26
2134,16970,3,2024-11-20
2135,16991,5,2026-05-30
2136,16993,12,2024-08-17
2137,17000,9,2024-04-16
2138,17001,8,2026-02-22
2139,17005,8,2025-12-17
2140,17008,12,2026-05-01
2141,17011,12,2024-08-10
2142,17011,4,2024-08-21
2143,17016,4,2024-07-12
2144,17018,6,2025-10-16
2145,17027,11,2026-05-02
2146,17028,10,2024-09-06
2147,17038,8,2025-09-29
2148,17062,8,2026-03-21
2149,17073,11,2025-03-21
2150,17087,1,2024-11-24
2151,17090,1,2025-03-29
2152,17091,6,2025-05-06
2153,17098,11,2026-03-05
2154,17101,7,2025-07-09
2155,17112,12,2024-10-24
2156,17114,7,2026-04-23
2157,17116,11,2025-06-16
2158,17125,6,2025-06-04
2159,17139,12,2024-10-25
2160,17142,7,2024-06-02
2161,17147,6,2024-04-13
2162,17147,8,2024-06-04
2163,17156,11,2024-03-13
2164,17171,6,2026-03-28
2165,17172,4,2024-07-04
2166,17173,4,2024-09-16
2167,17179,2,2025-03-26
2168,17180,6,2026-05-27
2169,17183,9,2025-09-24
2170,17185,4,2025-02-01
2171,17187,12,2024-09-27
2172,17193,5,2026-01-21
2173,17206,2,2024-06-14
2174,17213,3,2025-02-07
2175,17216,11,2025-05-16
2176,17219,10,2026-05-28
2177,17228,12,2024-09-10
2178,17231,7,2026-05-01
2179,17234,4,2024-08-06
2180,17244,11,2025-10-10
2181,17254,4,2024-09-20
2182,17261,6,2026-03-19
2183,17266,7,2026-07-12
2184,17269,9,2025-11-19
2185,17273,4,2025-06-26
2186,17279,4,2024-07-07
2187,17292,11,2024-12-27
2188,17296,6,2025-06-07
2189,17298,4,2025-03-18
2190,17318,4,2025-01-20
2191,17338,11,2024-12-11
2192,17338,1,2024-12-06
2193,17342,1,2024-09-14
2194,17345,2,2025-02-01
2195,17354,2,2025-06-04
2196,17356,9,2026-04-11
2197,17382,10,2024-11-15
2198,17383,3,2024-05-24
2199,17387,11,2024-05-04
2200,17394,10,2026-04-16
2201,17401,4,2025-09-10
2202,17408,3,2025-12-07
2203,17411,1,2025-07-08
2204,17418,10,2025-05-30
2205,17421,1,2026-01-09
2206,17424,7,2026-01-27
2207,17434,11,2026-05-18
2208,17449,10,2024-07-13
2209,17472,4,2024-06-24
2210,17479,4,2024-05-04
2211,17487,8,2026-02-28
2212,17509,4,2024-06-02
2213,17528,9,2025-05-08
2214,17542,3,2025-01-22
2215,17551,9,2025-10-19
2216,17555,6,2024-04-18
2217,17566,6,2026-03-04
2218,17575,3,2025-01-15
2219,17577,11,2025-07-09
2220,17585,2,2025-04-06
2221,17587,10,2024-12-25
2222,17591,4,2024-11-03
2223,17617,9,2025-09-15
2224,17619,9,2025-02-20
2225,17625,6,2025-05-05
2226,17632,1,2024-12-01
2227,17647,2,2025-07-20
2228,17651,1,2024-09-17
2229,17658,9,2025-01-17
2230,17660,11,2024-10-10
2231,17674,10,2024-07-22
2232,17676,4,2024-11-19
2233,17690,4,2024-08-14
2234,17692,2,2025-10-18
2235,17699,2,2025-04-23
2236,17700,12,2024-09-10
2237,17701,4,2024-06-08
2238,17708,3,2024-06-18
2239,17713,5,2025-07-13
2240,17713,6,2025-07-16
2241,17716,10,2024-07-05
2242,17727,4,2024-09-17
2243,17733,7,2024-04-25
2244,17744,1,2024-12-04
2245,17761,11,2025-02-07
2246,17763,9,2026-05-29
2247,17765,6,2024-04-23
2248,17769,5,2025-11-22
2249,17772,10,2026-06-02
2250,17772,3,2026-05-13
2251,17774,11,2026-03-31
2252,17783,4,2024-06-27
2253,17804,1,2025-04-11
2254,17815,4,2025-02-03
2255,17819,12,2026-04-15
2256,17820,4,2024-06-04
2257,17822,12,2024-08-02
2258,17823,3,2024-03-10
2259,17824,12,2024-03-09
2260,17836,1,2025-08-03
2261,17839,3,2025-10-27
2262,17844,2,2025-09-29
2263,17848,12,2024-02-22
2264,17849,3,2025-10-27
2265,17854,4,2025-08-12
2266,17856,7,2026-02-19
2267,17859,9,2026-02-22
2268,17888,9,2025-04-14
2269,17902,4,2024-08-28
2270,17905,1,2026-03-12
2271,17906,4,2024-10-31
2272,17907,12,2026-04-15
2273,17911,11,2025-01-13
2274,17943,10,2024-07-13
2275,17948,4,2024-12-17
2276,17956,8,2026-01-29
2277,17974,1,2024-12-18
2278,17975,11,2024-03-11
2279,17976,1,2026-01-23
2280,17982,5,2025-07-19
2281,17991,4,2025-01-04
2282,17994,5,2024-03-29
2283,18001,7,2025-04-03
2284,18015,11,2025-07-23
2285,18029,4,2024-05-30
2286,18037,7,2025-04-19
2287,18054,1,2025-02-20
2288,18060,12,2024-12-02
2289,18061,9,2025-06-16
2290,18069,9,2025-05-25
2291,18070,6,2025-06-06
2292,18079,2,2025-10-16
2293,18080,4,2024-10-12
2294,18081,3,2024-03-03
2295,18082,3,2024-04-25
2296,18084,6,2025-07-28
2297,18087,1,2024-12-19
2298,18100,4,2024-08-08
2299,18110,12,2024-10-15
2300,18118,3,2025-05-29
2301,18119,7,2025-07-27
2302,18122,1,2026-04-20
2303,18129,4,2024-06-15
2304,18131,1,2026-05-21
2305,18134,5,2025-05-18
2306,18135,4,2024-07-06
2307,18146,4,2025-09-18
2308,18148,4,2024-11-27
2309,18159,3,2026-06-24
2310,18164,2,2025-08-05
2311,18165,10,2024-08-13
2312,18171,11,2026-01-28
2313,18178,11,2024-10-06
2314,18183,10,2024-08-15
2315,18185,2,2025-05-07
2316,18189,1,2026-05-18
2317,18197,5,2026-07-04
2318,18198,2,2025-09-22
2319,18204,11,2026-03-01
2320,18206,9,2025-05-26
2321,18230,1,2025-05-19
2322,18230,9,2025-07-02
2323,18233,3,2024-12-21
2324,18245,7,2025-09-04
2325,18249,3,2025-10-24
2326,18251,12,2024-03-08
2327,18278,2,2025-05-17
2328,18311,10,2025-04-10
2329,18312,4,2024-08-26
2330,18317,1,2024-04-02
2331,18318,11,2024-04-09
2332,18323,12,2025-03-31
2333,18326,11,2026-06-01
2334,18328,8,2025-03-11
2335,18331,2,2024-05-04
2336,18336,4,2024-06-16
2337,18344,2,2024-05-13
2338,18346,8,2025-02-18
2339,18367,1,2025-04-18
2340,18367,8,2025-02-19
2341,18369,12,2024-11-23
2342,18384,6,2025-01-14
2343,18400,3,2024-11-03
2344,18407,7,2025-04-14
2345,18421,4,2024-06-15
2346,18432,3,2025-05-27
2347,18442,8,2026-02-22
2348,18456,1,2025-09-12
2349,18462,10,2024-10-29
2350,18465,7,2025-07-10
2351,18474,4,2025-02-08
2352,18491,10,2025-08-20
2353,18495,7,2024-04-23
2354,18496,7,2025-12-15
2355,18503,6,2025-03-07
2356,18515,1,2024-09-05
2357,18516,8,2025-09-24
2358,18526,11,2025-11-29
2359,18549,11,2025-10-19
2360,18553,4,2024-03-13
2361,18579,10,2024-11-16
2362,18580,4,2025-03-25
2363,18581,11,2026-03-05
2364,18599,3,2025-06-06
2365,18603,6,2025-01-31
2366,18607,7,2026-05-25
2367,18613,8,2025-07-29
2368,18621,12,2024-12-06
2369,18637,6,2026-03-26
2370,18656,3,2025-09-08
2371,18662,2,2026-04-10
2372,18667,12,2025-02-16
2373,18686,4,2026-06-09
2374,18689,9,2026-02-07
2375,18697,6,2025-03-24
2376,18721,3,2024-11-23
2377,18735,1,2024-11-15
2378,18750,10,2026-06-16
2379,18761,5,2025-04-03
2380,18761,9,2025-03-06
2381,18767,11,2026-04-08
2382,18775,11,2025-08-24
2383,18779,3,2026-04-26
2384,18783,3,2025-08-24
2385,18801,8,2025-07-26
2386,18802,4,2024-05-12
2387,18820,5,2026-03-05
2388,18838,11,2024-11-06
2389,18839,10,2026-06-15
2390,18846,4,2025-07-07
2391,18849,11,2026-01-16
2392,18851,10,2025-07-15
2393,18860,5,2025-06-27
2394,18865,4,2024-08-08
2395,18873,12,2024-10-13
2396,18877,3,2025-08-04
2397,18880,9,2025-09-14
2398,18882,4,2024-06-04
2399,18885,10,2026-05-12
2400,18886,4,2024-11-15
2401,18888,2,2025-11-25
2402,18890,10,2026-04-14
2403,18910,1,2026-05-27
2404,18922,9,2025-04-22
2405,18929,6,2024-04-19
2406,18930,11,2026-06-27
2407,18950,9,2024-03-30
2408,18952,10,2025-08-29
2409,18954,8,2025-12-04
2410,18957,10,2024-08-23
2411,18957,4,2024-09-24
2412,18965,10,2026-03-15
2413,18969,7,2025-09-18
2414,18974,1,2024-11-22
2415,18986,9,2024-05-24
2416,19000,4,2025-01-14
2417,19001,5,2025-08-08
2418,19030,11,2024-12-06
2419,19031,4,2024-07-10
2420,19055,11,2025-02-13
2421,19060,4,2024-06-02
2422,19080,6,2025-09-26
2423,19091,4,2025-04-29
2424,19093,4,2024-07-07
2425,19094,10,2025-08-30
2426,19103,7,2025-12-30
2427,19105,4,2024-07-30
2428,19121,10,2025-05-23
2429,19122,12,2025-04-11
2430,19139,2,2025-07-29
2431,19144,11,2025-01-03
2432,19151,11,2025-12-04
2433,19156,9,2025-01-19
2434,19168,9,2026-03-08
2435,19193,5,2025-08-28
2436,19199,2,2025-03-15
2437,19205,10,2024-07-22
2438,19208,1,2025-02-10
2439,19224,12,2025-06-23
2440,19240,2,2026-02-19
2441,19254,5,2025-07-15
2442,19258,1,2024-12-13
2443,19258,4,2024-11-05
2444,19261,4,2024-07-11
2445,19277,5,2025-10-30
2446,19281,10,2025-02-03
2447,19302,11,2025-10-26
2448,19306,11,2025-04-23
2449,19312,3,2026-04-09
2450,19335,3,2025-08-24
2451,19342,12,2024-02-20
2452,19357,4,2025-10-16
2453,19361,12,2025-08-16
2454,19363,6,2025-07-24
2455,19373,4,2025-01-27
2456,19375,2,2026-03-13
2457,19376,5,2025-02-25
2458,19388,7,2025-02-16
2459,19392,6,2025-05-16
2460,19420,2,2025-08-24
2461,19428,1,2024-09-09
2462,19454,11,2025-11-11
2463,19461,3,2025-02-10
2464,19479,10,2026-04-30
2465,19480,4,2024-06-12
2466,19481,10,2025-08-22
2467,19484,12,2024-10-17
2468,19485,8,2025-09-15
2469,19496,4,2024-06-15
2470,19497,5,2025-09-23
2471,19501,12,2026-05-20
2472,19506,11,2026-05-24
2473,19507,6,2025-10-16
2474,19507,7,2025-10-21
2475,19511,12,2025-08-28
2476,19516,4,2024-08-03
2477,19520,10,2024-08-03
2478,19523,6,2025-12-28
2479,19555,11,2025-09-18
2480,19564,10,2026-01-01
2481,19571,9,2025-12-24
2482,19581,11,2025-01-14
2483,19593,10,2024-07-13
2484,19593,12,2024-08-20
2485,19604,3,2025-07-27
2486,19626,1,2024-09-19
2487,19629,9,2025-02-13
2488,19638,12,2024-10-12
2489,19642,5,2025-04-11
2490,19647,2,2024-05-16
2491,19653,1,2025-01-08
2492,19661,5,2025-04-05
2493,19664,10,2024-09-12
2494,19674,4,2025-07-07
2495,19684,11,2024-10-10
2496,19700,12,2024-08-29
2497,19702,9,2025-09-29
2498,19703,4,2024-06-09
2499,19704,12,2025-11-12
2500,19709,11,2025-02-25
2501,19716,6,2025-08-04
2502,19730,4,2024-09-12
2503,19758,11,2024-12-20
2504,19763,4,2024-04-13
2505,19771,12,2024-09-20
2506,19776,1,2025-05-27
2507,19779,4,2025-12-11
2508,19779,9,2025-11-03
2509,19785,6,2024-04-17
2510,19787,4,2024-06-10
2511,19796,1,2024-03-23
2512,19798,8,2025-06-26
2513,19801,5,2025-05-15
2514,19802,4,2024-05-12
2515,19810,4,2025-03-21
2516,19814,2,2025-05-28
2517,19817,6,2026-05-20
2518,19823,11,2025-06-24
2519,19834,4,2024-12-21
2520,19839,6,2025-03-24
2521,19842,3,2025-09-24
2522,19844,4,2024-07-29
2523,19855,4,2024-08-15
2524,19856,9,2025-02-21
2525,19864,12,2024-07-31
2526,19869,5,2026-04-12
2527,19878,11,2025-04-02
2528,19879,10,2024-09-09
2529,19896,8,2025-04-30
2530,19904,2,2025-12-15
2531,19905,3,2024-11-06
2532,19920,3,2025-08-10
2533,19934,4,2024-09-16
2534,19938,10,2024-06-08
2535,19939,11,2025-10-17
2536,19957,11,2024-11-09
2537,19965,7,2026-01-25
2538,19968,11,2025-02-03
2539,19983,5,2025-09-25
2540,19987,11,2025-11-07
2541,19997,4,2025-05-10
2542,20010,2,2025-07-10
2543,20022,9,2026-05-31
2544,20042,11,2024-11-01
2545,20047,6,2025-05-28
2546,20050,6,2026-04-19
2547,20059,12,2024-08-10
2548,20072,3,2025-05-09
2549,20082,11,2025-03-23
2550,20083,9,2025-08-27
2551,20089,4,2025-01-27
2552,20089,12,2025-02-18
2553,20092,1,2025-06-21
2554,20094,1,2024-05-21
2555,20100,4,2025-05-27
2556,20104,6,2025-09-14
2557,20118,1,2025-08-14
2558,20125,4,2024-06-02
2559,20127,11,2024-09-28
2560,20131,10,2024-10-19
2561,20132,5,2026-06-21
2562,20138,10,2024-05-17
2563,20145,4,2024-08-27
2564,20150,12,2026-06-09
2565,20153,1,2024-09-23
2566,20162,7,2025-04-24
2567,20169,4,2024-08-14
2568,20180,10,2024-05-02
2569,20191,11,2025-01-04
2570,20194,1,2024-06-25
2571,20195,3,2024-10-29
2572,20209,10,2024-08-25
2573,20248,2,2026-06-08
2574,20251,9,2024-05-14
2575,20255,7,2025-12-25
2576,20256,10,2025-08-12
2577,20279,9,2025-07-21
2578,20280,7,2025-09-19
2579,20283,9,2025-05-13
2580,20286,6,2025-09-02
2581,20286,2,2025-09-23
2582,20289,6,2025-09-25
2583,20292,4,2026-01-28
2584,20294,7,2024-06-11
2585,20301,1,2026-04-16
2586,20304,5,2024-02-21
2587,20304,10,2024-03-08
2588,20306,9,2024-03-02
2589,20311,11,2026-06-14
2590,20312,12,2026-04-07
2591,20313,10,2024-10-23
2592,20322,10,2024-08-08
2593,20324,10,2024-07-30
2594,20325,10,2024-07-18
2595,20326,11,2025-08-25
2596,20328,4,2024-05-30
2597,20346,4,2026-04-04
2598,20347,4,2026-03-26
2599,20354,1,2025-12-19
2600,20355,10,2024-09-17
2601,20366,4,2024-09-14
2602,20370,9,2026-04-19
2603,20379,10,2024-04-11
2604,20385,7,2025-06-14
2605,20388,4,2025-08-09
2606,20397,4,2026-03-07
2607,20424,4,2024-08-30
2608,20439,10,2025-06-01
2609,20444,10,2026-03-27
2610,20459,10,2026-03-10
2611,20464,8,2024-04-18
2612,20481,3,2025-12-16
2613,20482,10,2025-10-26
2614,20483,10,2024-08-01
2615,20491,11,2026-05-30
2616,20496,12,2025-06-17
2617,20497,4,2025-03-02
2618,20502,4,2024-06-17
2619,20509,3,2025-11-19
2620,20512,8,2025-04-04
2621,20516,4,2024-09-08
2622,20517,2,2025-12-07
2623,20519,9,2025-05-14
2624,20524,4,2024-11-20
2625,20540,6,2024-03-22
2626,20544,4,2024-11-16
2627,20546,3,2026-06-15
2628,20566,4,2024-05-20
2629,20570,2,2026-05-19
2630,20571,8,2025-04-03
2631,20572,11,2024-11-03
2632,20575,1,2025-11-07
2633,20577,7,2025-08-06
2634,20583,4,2024-09-05
2635,20598,4,2024-08-21
2636,20614,10,2025-04-12
2637,20628,10,2026-02-03
2638,20630,3,2026-02-10
2639,20646,12,2024-09-14
2640,20648,7,2026-04-27
2641,20659,1,2024-12-25
2642,20665,1,2024-03-23
2643,20679,5,2025-04-30
2644,20684,1,2025-08-06
2645,20687,2,2025-12-10
2646,20697,5,2025-04-30
2647,20700,11,2025-06-10
2648,20712,8,2025-12-02
2649,20718,2,2025-11-13
2650,20737,8,2025-11-11
2651,20755,3,2025-01-06
2652,20761,4,2024-06-11
2653,20761,10,2024-06-26
2654,20762,4,2025-05-07
2655,20774,11,2026-07-09
2656,20780,2,2025-03-06
2657,20784,9,2025-09-20
2658,20784,1,2025-10-12
2659,20793,6,2024-04-17
2660,20801,6,2025-12-11
2661,20816,2,2025-08-25
2662,20821,6,2026-03-12
2663,20825,1,2025-02-11
2664,20836,5,2025-12-20
2665,20843,5,2025-04-12
2666,20844,10,2024-05-23
2667,20850,9,2025-07-01
2668,20869,2,2024-03-22
2669,20871,9,2025-01-26
2670,20875,12,2024-06-27
2671,20897,12,2026-02-08
2672,20899,5,2025-10-21
2673,20903,12,2025-05-01
2674,20905,5,2025-08-24
2675,20913,1,2026-06-04
2676,20925,10,2024-10-14
2677,20925,1,2024-09-25
2678,20942,9,2025-11-12
2679,20948,2,2025-11-11
2680,20955,8,2025-05-03
2681,20955,11,2025-04-02
2682,20963,3,2025-09-25
2683,20976,6,2025-11-26
2684,20979,1,2024-03-27
2685,20980,4,2024-11-16
2686,20980,3,2024-12-24
2687,20982,1,2026-05-05
2688,20984,7,2025-03-30
2689,20987,4,2024-08-31
2690,20987,10,2024-10-13
2691,20988,1,2024-09-28
2692,21006,1,2026-07-12
2693,21016,6,2026-05-28
2694,21018,12,2024-10-30
2695,21025,12,2024-07-23
2696,21030,8,2024-04-30
2697,21049,3,2025-09-25
2698,21050,4,2024-08-23
2699,21052,11,2026-01-14
2700,21053,5,2024-04-21
2701,21055,3,2025-07-19
2702,21068,7,2025-12-13
2703,21073,10,2024-10-12
2704,21082,11,2024-10-17
2705,21082,3,2024-11-24
2706,21084,1,2024-11-29
2707,21106,11,2025-06-18
2708,21108,11,2025-08-18
2709,21116,11,2026-04-22
2710,21125,3,2024-12-20
2711,21128,1,2024-04-11
2712,21136,5,2025-11-02
2713,21141,3,2026-01-14
2714,21153,9,2026-05-30
2715,21166,5,2026-01-11
2716,21176,12,2024-10-20
2717,21181,6,2024-03-09
2718,21185,3,2025-03-12
2719,21206,11,2024-04-26
2720,21211,1,2025-09-10
2721,21223,12,2024-08-11
2722,21248,1,2024-11-19
2723,21250,11,2025-11-05
2724,21252,4,2024-10-15
2725,21260,1,2024-09-20
2726,21261,11,2025-04-01
2727,21269,2,2024-03-08
2728,21289,10,2025-12-01
2729,21302,3,2024-11-16
2730,21306,5,2025-12-27
2731,21309,7,2025-04-21
2732,21311,10,2024-09-05
2733,21313,6,2025-11-28
2734,21313,5,2025-11-18
2735,21319,10,2024-09-08
2736,21333,9,2026-01-06
2737,21335,4,2024-07-28
2738,21336,11,2026-03-31
2739,21336,8,2026-04-30
2740,21337,12,2024-08-08
2741,21348,6,2025-01-25
2742,21364,7,2026-02-05
2743,21376,5,2026-06-10
2744,21376,10,2026-06-18
2745,21386,10,2025-10-21
2746,21388,9,2025-04-01
2747,21395,3,2025-07-19
2748,21422,10,2024-06-08
2749,21431,4,2024-08-06
2750,21444,10,2024-07-10
2751,21451,4,2026-04-23
2752,21452,4,2024-09-15
2753,21475,6,2025-06-20
2754,21477,2,2025-04-22
2755,21481,1,2025-10-09
2756,21492,2,2025-07-04
2757,21505,4,2024-07-03
2758,21523,12,2024-07-21
2759,21531,10,2026-04-18
2760,21541,8,2026-02-07
2761,21555,10,2026-05-29
2762,21556,3,2025-03-10
2763,21563,10,2024-08-07
2764,21577,2,2026-03-01
2765,21579,12,2025-09-20
2766,21591,3,2025-08-09
2767,21594,9,2026-01-21
2768,21597,3,2024-04-14
2769,21600,9,2025-02-25
2770,21601,4,2024-06-02
2771,21602,3,2024-11-06
2772,21610,11,2026-06-01
2773,21613,1,2025-09-17
2774,21615,8,2025-04-20
2775,21617,3,2026-03-19
2776,21627,8,2026-02-13
2777,21630,7,2025-06-06
2778,21633,4,2024-10-11
2779,21645,12,2025-01-24
2780,21646,8,2025-12-16
2781,21652,8,2026-04-23
2782,21658,4,2024-07-07
2783,21672,6,2025-08-28
2784,21717,6,2025-12-23
2785,21720,6,2025-09-09
2786,21729,4,2024-09-05
2787,21744,11,2024-04-29
2788,21745,4,2025-12-11
2789,21750,8,2025-10-26
2790,21762,1,2025-07-12
2791,21780,4,2024-04-30
2792,21791,7,2026-02-25
2793,21799,10,2026-03-31
2794,21808,11,2025-09-19
2795,21810,4,2025-11-12
2796,21819,12,2025-01-31
2797,21820,10,2024-09-30
2798,21822,11,2025-05-23
2799,21859,4,2024-12-23
2800,21864,9,2024-05-02
2801,21871,1,2025-01-17
2802,21881,11,2024-09-28
2803,21886,11,2026-05-30
2804,21910,7,2024-06-04
2805,21919,1,2024-11-25
2806,21921,1,2025-05-01
2807,21933,1,2025-02-27
2808,21936,10,2024-11-04
2809,21954,10,2024-11-09
2810,21955,3,2025-02-25
2811,21960,3,2024-10-30
2812,21960,12,2024-11-11
2813,21970,5,2025-03-17
2814,21977,12,2025-07-02
2815,21980,1,2025-06-12
2816,21982,12,2024-07-27
2817,21983,10,2025-02-23
2818,21990,12,2024-10-28
2819,22014,9,2025-07-04
2820,22027,4,2025-11-10
2821,22028,2,2025-08-07
2822,22029,8,2025-03-28
2823,22032,8,2025-10-06
2824,22050,4,2025-04-02
2825,22052,4,2024-07-09
2826,22080,10,2024-06-27
2827,22106,5,2026-07-17
2828,22120,8,2024-03-26
2829,22120,5,2024-04-10
2830,22127,12,2024-07-08
2831,22136,10,2025-07-23
2832,22150,10,2024-09-20
2833,22168,11,2024-10-14
2834,22179,11,2025-03-29
2835,22184,9,2025-05-20
2836,22219,3,2024-12-21
2837,22229,12,2025-07-05
2838,22231,10,2024-08-09
2839,22243,5,2025-11-16
2840,22248,4,2024-08-02
2841,22252,2,2025-08-17
2842,22253,11,2026-02-13
2843,22271,6,2025-09-17
2844,22280,5,2026-05-23
2845,22299,10,2024-09-13
2846,22321,12,2025-03-18
2847,22323,10,2024-07-14
2848,22324,11,2024-05-02
2849,22329,10,2025-08-30
2850,22330,1,2024-12-09
2851,22330,10,2024-12-27
2852,22332,7,2026-06-14
2853,22336,4,2026-02-18
2854,22375,4,2024-05-26
2855,22380,11,2024-10-13
2856,22396,9,2025-01-25
2857,22411,8,2025-10-21
2858,22447,12,2025-10-30
2859,22448,4,2024-08-24
2860,22453,1,2024-04-28
2861,22460,2,2026-06-11
2862,22469,5,2025-05-12
2863,22470,9,2026-05-15
2864,22474,11,2024-11-10
2865,22475,11,2025-06-22
2866,22479,2,2025-02-03
2867,22510,10,2024-11-25
2868,22518,3,2024-04-01
2869,22529,4,2024-05-31
2870,22538,10,2024-11-21
2871,22544,6,2025-06-01
2872,22547,1,2024-12-07
2873,22547,11,2025-01-09
2874,22551,10,2024-10-29
2875,22553,11,2024-11-09
2876,22565,6,2024-04-14
2877,22571,12,2026-01-01
2878,22571,8,2025-12-08
2879,22578,8,2025-11-23
2880,22588,5,2025-04-22
2881,22593,5,2024-03-17
2882,22637,10,2025-02-02
2883,22640,7,2026-05-17
2884,22652,10,2024-08-17
2885,22656,2,2026-05-15
2886,22661,3,2024-11-17
2887,22666,11,2025-05-10
2888,22668,10,2026-04-09
2889,22669,11,2025-01-25
2890,22675,4,2024-07-27
2891,22681,3,2026-04-21
2892,22683,4,2024-09-30
2893,22691,5,2025-09-18
2894,22693,7,2025-06-22
2895,22695,6,2025-07-24
2896,22711,9,2026-07-04
2897,22713,10,2024-08-26
2898,22729,6,2025-08-11
2899,22738,4,2025-07-04
2900,22740,11,2026-03-27
2901,22745,10,2025-12-31
2902,22751,12,2024-08-11
2903,22759,4,2025-11-01
2904,22771,1,2024-11-22
2905,22773,2,2026-06-18
2906,22776,4,2026-04-01
2907,22790,5,2026-04-23
2908,22801,10,2025-07-26
2909,22801,12,2025-06-17
2910,22805,3,2025-03-12
2911,22807,12,2024-04-12
2912,22807,6,2024-02-13
2913,22810,6,2025-05-12
2914,22826,9,2025-08-22
2915,22835,1,2025-12-04
2916,22841,3,2026-05-16
2917,22844,10,2025-01-07
2918,22855,11,2025-06-15
2919,22860,6,2025-10-30
2920,22875,3,2026-02-09
2921,22881,9,2025-08-04
2922,22882,8,2025-06-01
2923,22887,4,2024-10-06
2924,22902,1,2026-05-30
2925,22902,5,2026-06-17
2926,22908,5,2025-03-31
2927,22916,12,2024-08-03
2928,22921,4,2024-11-21
2929,22933,10,2025-02-03
2930,22947,10,2024-07-04
2931,22957,10,2024-11-01
2932,22961,4,2024-06-16
2933,22972,12,2025-02-08
2934,22982,11,2026-03-30
2935,22984,12,2025-01-06
2936,22985,1,2025-08-01
2937,22995,4,2024-02-25
2938,22996,4,2024-06-24
2939,23003,10,2026-02-14
2940,23009,5,2024-04-02
2941,23009,8,2024-02-25
2942,23010,6,2025-02-11
2943,23035,11,2025-05-15
2944,23053,9,2026-06-05
2945,23054,5,2024-04-27
2946,23061,1,2024-03-15
2947,23066,6,2025-07-25
2948,23067,10,2024-08-30
2949,23078,11,2026-01-17
2950,23091,12,2024-12-24
2951,23109,4,2024-06-19
2952,23141,12,2024-09-11
2953,23142,6,2025-09-26
2954,23149,1,2024-03-08
2955,23152,3,2025-12-12
2956,23156,6,2025-04-22
2957,23171,7,2026-02-03
2958,23184,1,2024-11-25
2959,23189,2,2025-08-06
2960,23206,2,2025-03-21
2961,23219,3,2026-05-04
2962,23230,6,2025-03-29
2963,23232,12,2025-10-03
2964,23232,11,2025-11-17
2965,23233,2,2025-07-06
2966,23234,8,2025-12-05
2967,23240,4,2024-10-11
2968,23247,11,2024-03-17
2969,23257,7,2025-03-25
2970,23260,7,2025-08-12
2971,23272,5,2025-08-21
2972,23274,4,2024-05-10
2973,23278,10,2024-07-09
2974,23279,10,2024-11-12
2975,23312,12,2024-04-24
2976,23315,11,2026-06-08
2977,23334,10,2025-08-06
2978,23341,4,2025-01-27
2979,23344,5,2026-03-25
2980,23367,1,2024-09-14
2981,23384,4,2024-07-24
2982,23392,2,2026-03-30
2983,23402,9,2025-12-15
2984,23417,10,2024-10-24
2985,23425,3,2026-01-17
2986,23461,1,2025-01-10
2987,23467,3,2024-10-19
2988,23470,6,2025-02-06
2989,23482,6,2026-04-02
2990,23487,6,2026-04-12
2991,23493,11,2025-01-25
2992,23497,3,2025-07-22
2993,23513,10,2025-09-07
2994,23527,5,2024-03-19
2995,23538,7,2026-01-05
2996,23547,7,2025-09-11
2997,23558,8,2026-02-01
2998,23572,7,2025-05-16
2999,23573,10,2024-08-06
3000,23575,4,2024-11-19
3001,23577,10,2024-12-03
3002,23581,3,2025-05-17
3003,23582,9,2025-03-20
3004,23590,10,2025-07-12
3005,23591,2,2025-08-21
3006,23592,8,2024-04-27
3007,23596,4,2024-12-18
3008,23603,8,2025-10-19
3009,23644,11,2025-01-18
3010,23653,10,2024-11-08
3011,23662,8,2026-01-29
3012,23664,7,2026-05-11
3013,23666,7,2026-07-03
3014,23671,1,2025-09-26
3015,23679,10,2026-01-29
3016,23692,8,2024-03-18
3017,23699,6,2026-06-03
3018,23706,6,2025-11-13
3019,23707,9,2025-09-30
3020,23708,11,2026-05-20
3021,23716,11,2024-02-21
3022,23723,4,2025-05-01
3023,23724,4,2025-08-04
3024,23726,12,2026-01-17
3025,23729,11,2025-10-10
3026,23731,3,2024-03-22
3027,23733,7,2025-06-06
3028,23744,12,2025-05-28
3029,23748,12,2024-09-02
3030,23765,12,2025-12-06
3031,23778,9,2025-05-15
3032,23794,3,2025-02-03
3033,23794,4,2025-01-08
3034,23829,5,2025-12-31
3035,23849,4,2026-03-13
3036,23866,12,2024-07-13
3037,23887,7,2026-01-09
3038,23889,10,2025-07-27
3039,23895,2,2025-11-29
3040,23897,1,2025-08-31
3041,23903,4,2024-07-30
3042,23907,1,2025-12-27
3043,23939,3,2024-10-21
3044,23940,10,2025-04-25
3045,23945,4,2025-09-26
3046,23952,6,2025-11-21
3047,23954,10,2026-04-17
3048,23967,12,2026-01-01
3049,23979,1,2025-01-04
3050,23997,3,2024-03-26
3051,24015,7,2026-05-30
3052,24017,1,2025-07-31
3053,24019,1,2024-05-18
3054,24041,1,2025-06-30
3055,24045,3,2025-11-06
3056,24050,4,2024-06-26
3057,24052,10,2025-02-23
3058,24053,10,2025-05-08
3059,24059,4,2024-08-07
3060,24075,4,2024-08-01
3061,24077,7,2024-05-17
3062,24085,4,2024-10-07
3063,24100,4,2025-08-10
3064,24106,9,2025-06-10
3065,24113,11,2026-03-25
3066,24118,11,2024-04-11
3067,24119,2,2026-03-07
3068,24122,7,2025-10-18
3069,24125,8,2025-11-09
3070,24135,4,2024-05-31
3071,24147,4,2024-03-24
3072,24160,4,2024-08-08
3073,24163,10,2026-04-18
3074,24176,6,2024-03-15
3075,24179,4,2024-07-11
3076,24189,5,2025-10-07
3077,24198,4,2024-06-08
3078,24204,4,2025-11-02
3079,24207,4,2024-10-26
3080,24230,4,2025-09-15
3081,24242,4,2024-07-02
3082,24258,10,2024-10-02
3083,24272,9,2024-04-17
3084,24275,12,2024-10-21
3085,24278,2,2026-03-25
3086,24284,4,2025-08-08
3087,24294,12,2026-06-22
3088,24298,11,2024-11-26
3089,24298,10,2024-11-26
3090,24305,4,2024-12-19
3091,24310,10,2025-06-12
3092,24316,9,2024-03-20
3093,24321,6,2026-04-06
3094,24322,1,2025-08-10
3095,24341,8,2025-04-30
3096,24347,12,2024-07-20
3097,24354,2,2026-03-10
3098,24368,4,2024-08-16
3099,24377,2,2026-03-04
3100,24380,4,2024-12-25
3101,24399,3,2026-03-05
3102,24403,4,2026-03-25
3103,24406,10,2025-01-07
3104,24424,10,2026-01-30
3105,24432,1,2025-08-25
3106,24433,6,2026-01-24
3107,24449,4,2024-07-17
3108,24454,11,2025-02-28
3109,24465,4,2026-05-24
3110,24467,4,2024-07-28
3111,24479,10,2024-08-31
3112,24480,7,2025-06-26
3113,24507,9,2025-09-25
3114,24518,1,2024-10-20
3115,24519,9,2025-08-02
3116,24534,1,2025-11-29
3117,24540,10,2024-12-05
3118,24567,12,2026-05-04
3119,24572,12,2024-12-01
3120,24580,5,2026-04-23
3121,24612,12,2025-12-12
3122,24631,9,2024-05-21
3123,24634,10,2024-06-15
3124,24642,5,2024-03-24
3125,24642,9,2024-03-12
3126,24670,7,2026-02-09
3127,24671,10,2024-07-17
3128,24671,12,2024-08-08
3129,24674,8,2025-12-01
3130,24676,1,2025-05-20
3131,24681,4,2025-09-03
3132,24685,9,2025-12-11
3133,24687,2,2025-12-22
3134,24692,6,2025-11-29
3135,24693,5,2025-04-20
3136,24704,12,2024-05-28
3137,24706,12,2025-11-02
3138,24708,6,2024-03-11
3139,24721,2,2025-04-17
3140,24733,3,2025-07-07
3141,24742,4,2024-07-29
3142,24743,7,2025-07-04
3143,24744,3,2025-07-07
3144,24756,8,2025-09-02
3145,24759,5,2025-08-10
3146,24775,12,2025-01-06
3147,24786,8,2025-04-08
3148,24787,10,2024-08-06
3149,24788,4,2024-05-30
3150,24801,2,2025-03-28
3151,24807,3,2026-02-12
3152,24808,7,2025-02-24
3153,24833,9,2024-04-12
3154,24840,6,2025-07-09
3155,24864,12,2024-12-27
3156,24867,10,2025-08-31
3157,24870,10,2025-07-21
3158,24877,4,2025-05-09
3159,24881,5,2025-11-27
3160,24886,6,2025-12-03
3161,24896,4,2024-06-06
3162,24910,10,2024-10-20
3163,24915,9,2025-11-11
3164,24921,6,2026-01-06
3165,24924,3,2026-01-25
3166,24932,10,2025-03-01
3167,24938,8,2025-09-17
3168,24939,4,2024-09-28
3169,24979,8,2024-05-06
3170,24984,12,2024-09-12
3171,24986,4,2025-08-18
3172,24996,3,2025-04-15
3173,24999,4,2024-11-25
3174,25005,5,2025-10-17
3175,25006,7,2025-10-04
3176,25033,10,2026-04-22
3177,25043,1,2025-03-29
3178,25049,2,2025-06-19
3179,25078,4,2024-09-06
3180,25089,1,2025-03-24
3181,25092,4,2024-07-22
3182,25095,2,2026-03-01
3183,25098,11,2025-10-31
3184,25124,5,2024-04-30
3185,25127,12,2024-10-11
3186,25142,10,2024-09-18
3187,25189,11,2025-02-27
3188,25198,11,2026-02-08
3189,25199,12,2026-03-06
3190,25200,8,2025-09-21
3191,25211,3,2025-01-07
3192,25226,4,2025-01-15
3193,25227,6,2024-03-24
3194,25235,10,2024-11-11
3195,25241,6,2025-04-10
3196,25245,5,2024-04-09
3197,25247,2,2026-07-04
3198,25257,12,2025-02-17
3199,25258,4,2025-12-07
3200,25258,9,2025-12-11
3201,25274,2,2024-04-16
3202,25277,11,2024-12-19
3203,25280,4,2024-08-13
3204,25281,4,2024-12-22
3205,25290,11,2025-02-08
3206,25294,4,2024-05-05
3207,25309,11,2026-03-06
3208,25312,12,2024-08-09
3209,25319,11,2025-10-30
3210,25323,1,2026-02-12
3211,25325,3,2026-02-23
3212,25357,10,2024-12-11
3213,25374,4,2025-12-10
3214,25378,12,2026-02-04
3215,25380,12,2025-10-04
3216,25396,12,2024-08-10
3217,25407,4,2024-07-19
3218,25411,12,2025-04-09
3219,25413,5,2025-08-03
3220,25417,10,2025-03-26
3221,25417,12,2025-02-18
3222,25432,12,2024-04-26
3223,25433,3,2025-03-07
3224,25435,3,2025-11-27
3225,25450,2,2025-09-04
3226,25480,12,2024-10-25
3227,25506,4,2024-11-05
3228,25513,4,2024-06-28
3229,25517,12,2025-02-09
3230,25520,4,2024-06-05
3231,25521,6,2025-04-20
3232,25529,12,2024-04-17
3233,25537,4,2025-05-29
3234,25539,4,2024-09-08
3235,25540,12,2026-05-02
3236,25540,1,2026-03-27
3237,25540,2,2026-05-17
3238,25563,7,2025-11-19
3239,25568,7,2024-05-08
3240,25614,1,2025-09-29
3241,25618,10,2024-09-04
3242,25626,9,2024-04-26
3243,25632,12,2026-05-09
3244,25646,10,2024-12-17
3245,25650,3,2024-10-31
3246,25652,4,2024-06-15
3247,25674,4,2024-07-10
3248,25677,3,2025-07-21
3249,25684,11,2024-11-26
3250,25685,2,2025-11-16
3251,25696,1,2024-12-26
3252,25697,4,2024-09-29
3253,25699,8,2025-06-07
3254,25700,9,2025-05-14
3255,25707,2,2025-10-08
3256,25707,11,2025-09-24
3257,25708,11,2024-09-26
3258,25744,2,2026-04-24
3259,25753,10,2024-09-16
3260,25763,12,2024-08-02
3261,25768,4,2024-04-19
3262,25776,12,2026-01-24
3263,25778,10,2024-12-23
3264,25780,5,2026-06-16
3265,25782,9,2025-02-04
3266,25783,6,2025-05-22
3267,25795,5,2026-03-30
3268,25796,3,2025-04-20
3269,25823,4,2024-05-11
3270,25826,12,2024-11-24
3271,25844,4,2024-07-13
3272,25853,5,2024-02-14
3273,25868,2,2025-12-19
3274,25868,10,2025-11-29
3275,25880,4,2026-05-19
3276,25896,6,2026-02-18
3277,25898,4,2024-08-22
3278,25904,11,2024-10-12
3279,25910,4,2024-06-29
3280,25910,10,2024-08-02
3281,25914,10,2025-02-26
3282,25917,11,2025-12-25
3283,25918,10,2025-04-17
3284,25927,6,2026-08-03
3285,25938,4,2025-04-10
3286,25942,10,2024-07-04
3287,25962,11,2026-04-18
3288,25989,4,2026-03-01
3289,25992,10,2025-06-20
3290,25998,12,2024-10-29
3291,26013,4,2024-02-22
3292,26013,11,2024-03-19
3293,26029,12,2025-03-17
3294,26032,4,2024-07-14
3295,26067,8,2025-11-09
3296,26093,11,2025-04-04
3297,26103,11,2025-07-13
3298,26104,3,2024-12-18
3299,26110,12,2024-11-07
3300,26128,12,2024-02-27
3301,26133,10,2024-11-19
3302,26135,8,2026-01-05
3303,26137,9,2025-03-07
3304,26139,10,2026-03-06
3305,26140,4,2024-07-19
3306,26144,8,2025-06-30
3307,26167,11,2025-05-19
3308,26174,1,2024-05-25
3309,26175,12,2024-07-20
3310,26184,7,2025-02-18
3311,26186,12,2024-10-12
3312,26194,11,2025-10-23
3313,26202,3,2025-03-28
3314,26203,9,2025-05-26
3315,26213,11,2024-05-26
3316,26218,11,2025-11-02
3317,26224,10,2025-07-20
3318,26226,8,2026-02-07
3319,26232,3,2024-11-04
3320,26239,7,2026-01-08
3321,26249,7,2025-12-25
3322,26258,4,2024-05-05
3323,26276,9,2026-02-27
3324,26279,1,2025-04-10
3325,26285,4,2024-08-16
3326,26287,11,2024-04-28
3327,26289,1,2025-09-07
3328,26296,11,2025-04-04
3329,26314,6,2026-01-27
3330,26317,6,2026-06-07
3331,26347,4,2024-09-25
3332,26370,10,2024-09-04
3333,26371,5,2025-05-22
3334,26379,5,2025-05-01
3335,26380,7,2024-03-21
3336,26385,5,2026-01-31
3337,26388,2,2026-04-21
3338,26415,4,2024-05-16
3339,26428,3,2026-03-30
3340,26429,2,2025-08-23
3341,26441,4,2024-07-06
3342,26443,9,2025-11-29
3343,26445,1,2024-02-22
3344,26456,4,2024-03-14
3345,26458,12,2024-07-26
3346,26458,10,2024-08-09
3347,26459,5,2026-02-27
3348,26461,10,2025-04-20
3349,26469,8,2026-02-02
3350,26470,10,2024-09-15
3351,26483,2,2026-04-19
3352,26483,10,2026-05-06
3353,26487,4,2026-01-16
3354,26487,5,2025-12-19
3355,26489,10,2025-12-15
3356,26496,5,2025-10-05
3357,26502,1,2024-10-30
3358,26534,9,2025-02-24
3359,26543,12,2025-08-28
3360,26544,6,2025-12-19
3361,26555,10,2026-05-14
3362,26560,5,2026-03-08
3363,26562,8,2025-10-29
3364,26566,12,2025-05-28
3365,26576,8,2025-11-25
3366,26596,4,2025-10-31
3367,26602,10,2025-01-16
3368,26603,4,2025-07-25
3369,26611,12,2024-03-09
3370,26617,5,2025-02-24
3371,26630,4,2025-04-22
3372,26647,10,2024-11-21
3373,26661,3,2024-05-17
3374,26662,4,2024-06-29
3375,26671,9,2026-02-05
3376,26673,4,2024-10-03
3377,26676,10,2026-02-24
3378,26688,1,2024-03-16
3379,26690,12,2024-09-01
3380,26698,7,2025-02-18
3381,26710,10,2024-10-14
3382,26720,10,2026-02-21
3383,26733,2,2025-09-08
3384,26743,5,2025-04-26
3385,26755,1,2025-02-21
3386,26760,10,2024-10-17
3387,26770,11,2024-11-23
3388,26775,1,2025-01-24
3389,26777,10,2024-10-28
3390,26778,3,2025-06-24
3391,26779,12,2026-04-27
3392,26790,4,2024-07-28
3393,26799,10,2025-06-25
3394,26817,10,2025-01-17
3395,26835,3,2026-05-23
3396,26841,1,2025-04-17
3397,26860,11,2026-04-12
3398,26865,4,2024-08-02
3399,26872,2,2025-09-16
3400,26902,7,2026-06-05
3401,26903,6,2025-05-04
3402,26910,5,2025-09-25
3403,26927,10,2025-06-18
3404,26928,12,2025-07-03
3405,26935,3,2025-10-18
3406,26945,4,2024-05-15
3407,26954,6,2025-07-13
3408,26962,2,2026-03-24
3409,26975,1,2026-03-05
3410,26976,4,2024-06-14
3411,26978,3,2024-11-05
3412,26992,7,2025-06-13
3413,26997,3,2024-10-10
3414,27001,6,2025-07-27
3415,27003,5,2026-03-09
3416,27004,10,2026-04-08
3417,27017,12,2024-10-19
3418,27036,3,2026-02-09
3419,27039,12,2024-07-15
3420,27046,6,2025-01-24
3421,27048,5,2026-02-19
3422,27058,10,2024-10-14
3423,27076,10,2024-08-10
3424,27104,4,2026-03-07
3425,27108,1,2024-10-02
3426,27118,4,2024-09-27
3427,27120,4,2024-05-26
3428,27121,3,2024-11-14
3429,27121,4,2024-10-16
3430,27123,2,2025-11-24
3431,27131,12,2024-07-03
3432,27133,10,2025-12-19
3433,27146,10,2024-12-26
3434,27146,12,2025-01-25
3435,27156,9,2025-02-15
3436,27165,12,2024-10-30
3437,27172,5,2026-05-04
3438,27175,10,2025-10-28
3439,27176,4,2025-03-31
3440,27182,10,2025-12-12
3441,27185,10,2025-10-26
3442,27192,10,2025-04-12
3443,27200,10,2026-02-02
3444,27210,12,2025-06-08
3445,27213,5,2026-01-31
3446,27217,4,2024-11-16
3447,27217,12,2024-09-26
3448,27229,1,2024-11-13
3449,27235,8,2025-10-05
3450,27238,10,2025-08-09
3451,27242,5,2025-12-07
3452,27248,6,2026-05-17
3453,27253,5,2025-03-25
3454,27270,1,2025-09-11
3455,27270,6,2025-08-08
3456,27288,4,2025-12-16
3457,27289,9,2026-05-13
3458,27306,11,2024-10-17
3459,27308,4,2025-02-18
3460,27312,7,2026-07-05
3461,27318,3,2024-12-19
3462,27319,12,2024-08-21
3463,27330,3,2024-11-27
3464,27338,1,2026-01-12
3465,27349,1,2024-12-05
3466,27354,5,2025-12-12
3467,27364,4,2024-08-27
3468,27385,6,2025-09-14
3469,27399,9,2025-03-11
3470,27405,6,2026-01-19
3471,27408,6,2026-02-01
3472,27410,7,2026-02-07
3473,27411,1,2026-03-23
3474,27424,11,2026-04-08
3475,27428,12,2024-12-13
3476,27429,5,2025-12-24
3477,27430,4,2024-06-06
3478,27447,12,2024-07-11
3479,27447,4,2024-07-16
3480,27449,8,2026-03-13
3481,27464,6,2024-04-15
3482,27465,7,2024-03-19
3483,27474,10,2026-05-05
3484,27476,3,2025-10-31
3485,27477,5,2026-04-12
3486,27489,10,2024-10-04
3487,27491,4,2024-08-13
3488,27500,5,2026-02-27
3489,27511,9,2026-01-25
3490,27520,11,2025-01-30
3491,27526,3,2024-12-27
3492,27529,5,2026-04-02
3493,27532,12,2024-07-28
3494,27538,4,2025-03-04
3495,27589,3,2025-07-22
3496,27593,11,2024-03-04
3497,27596,2,2025-08-25
3498,27607,6,2024-05-05
3499,27618,12,2026-03-25
3500,27619,11,2024-10-31
3501,27626,4,2025-11-10
3502,27647,10,2026-04-11
3503,27667,1,2025-10-08
3504,27668,10,2024-03-13
3505,27670,1,2025-09-08
3506,27681,7,2024-06-18
3507,27682,6,2025-05-02
3508,27683,3,2025-02-19
3509,27689,12,2024-06-16
3510,27692,10,2024-03-26
3511,27707,10,2024-08-24
3512,27711,10,2024-10-09
3513,27712,12,2024-12-05
3514,27713,4,2024-06-07
3515,27721,9,2025-02-18
3516,27736,2,2024-03-30
3517,27756,1,2025-05-03
3518,27770,12,2024-12-02
3519,27781,5,2026-03-17
3520,27794,6,2025-09-21
3521,27797,1,2026-04-24
3522,27799,12,2024-09-17
3523,27815,8,2025-10-23
3524,27825,7,2025-03-27
3525,27839,4,2024-10-12
3526,27862,4,2025-12-26
3527,27865,11,2025-05-25
3528,27883,1,2026-02-26
3529,27884,4,2025-10-13
3530,27898,4,2025-06-01
3531,27900,1,2024-10-24
3532,27921,8,2025-12-24
3533,27927,9,2024-03-05
3534,27933,9,2026-01-05
3535,27940,12,2025-01-27
3536,27944,3,2025-02-01
3537,27963,4,2024-07-22
3538,27966,8,2026-01-04
3539,27967,1,2024-12-10
3540,27969,11,2024-10-12
3541,27996,7,2026-02-16
3542,27997,1,2024-11-22
3543,27999,9,2025-05-22
3544,28000,3,2024-04-30
3545,28000,9,2024-04-13
3546,28022,3,2026-03-26
3547,28026,2,2025-04-21
3548,28027,4,2024-12-15
3549,28031,1,2024-10-26
3550,28045,6,2026-07-11
3551,28046,10,2025-08-18
3552,28058,11,2024-11-14
3553,28072,9,2024-03-04
3554,28075,7,2026-05-27
3555,28077,2,2024-02-29
3556,28079,4,2026-05-06
3557,28081,8,2025-04-22
3558,28085,4,2024-11-14
3559,28091,12,2024-09-04
3560,28098,8,2025-11-06
3561,28107,2,2025-04-16
3562,28117,10,2025-08-07
3563,28118,4,2024-09-18
3564,28129,12,2024-08-28
3565,28129,10,2024-10-17
3566,28145,12,2024-12-09
3567,28147,10,2024-05-07
3568,28151,11,2026-04-03
3569,28153,11,2026-03-09
3570,28159,6,2026-03-19
3571,28164,4,2025-04-13
3572,28179,6,2026-05-01
3573,28183,4,2024-10-20
3574,28207,11,2024-05-07
3575,28225,7,2026-03-13
3576,28236,10,2024-11-24
3577,28247,4,2024-06-13
3578,28252,1,2025-06-05
3579,28263,1,2025-04-19
3580,28275,12,2024-09-01
3581,28329,11,2026-05-11
3582,28332,12,2024-08-01
3583,28335,4,2024-09-23
3584,28343,3,2026-03-09
3585,28358,8,2025-07-01
3586,28373,11,2024-10-24
3587,28384,6,2024-12-17
3588,28397,7,2026-04-20
3589,28401,1,2024-06-09
3590,28408,11,2026-05-06
3591,28412,10,2024-08-17
3592,28423,7,2025-11-26
3593,28423,8,2026-01-17
3594,28423,10,2026-01-05
3595,28429,7,2025-07-24
3596,28476,7,2024-04-09
3597,28487,11,2026-05-09
3598,28489,9,2025-10-08
3599,28516,1,2024-09-28
3600,28520,4,2025-07-22
3601,28548,10,2024-08-25
3602,28554,11,2026-04-01
3603,28559,9,2025-07-30
3604,28566,10,2024-09-09
3605,28570,10,2026-05-27
3606,28572,10,2024-11-09
3607,28577,6,2025-12-19
3608,28595,4,2026-04-10
3609,28603,2,2025-11-30
3610,28613,4,2024-07-05
3611,28614,12,2024-10-21
3612,28615,10,2025-03-25
3613,28634,11,2024-03-01
3614,28637,10,2025-03-07
3615,28638,2,2026-05-05
3616,28639,3,2026-03-30
3617,28651,12,2024-11-09
3618,28653,11,2024-12-26
3619,28661,11,2025-08-09
3620,28675,1,2025-07-23
3621,28695,6,2025-04-29
3622,28700,6,2025-01-15
3623,28702,12,2024-05-16
3624,28723,4,2024-03-20
3625,28734,8,2024-04-12
3626,28735,10,2025-04-09
3627,28736,10,2024-09-01
3628,28753,11,2026-03-03
3629,28764,12,2024-09-23
3630,28764,1,2024-09-20
3631,28765,9,2025-11-20
3632,28765,7,2025-11-30
3633,28778,6,2025-08-19
3634,28779,1,2025-07-27
3635,28792,10,2025-03-07
3636,28802,12,2024-10-01
3637,28807,4,2025-10-24
3638,28816,10,2024-03-20
3639,28824,11,2026-05-24
3640,28824,8,2026-05-23
3641,28833,5,2025-08-30
3642,28843,4,2024-06-11
3643,28845,9,2025-10-22
3644,28848,10,2024-10-24
3645,28848,1,2024-11-01
3646,28856,4,2025-02-18
3647,28861,2,2026-06-05
3648,28866,4,2024-07-12
3649,28868,9,2025-08-14
3650,28874,3,2025-03-24
3651,28875,1,2024-12-17
3652,28876,2,2025-04-14
3653,28877,10,2025-06-28
3654,28882,1,2024-11-05
3655,28895,3,2026-04-16
3656,28896,6,2024-02-26
3657,28909,9,2026-02-25
3658,28913,5,2025-04-19
3659,28915,12,2024-09-26
3660,28923,4,2025-04-28
3661,28924,2,2025-11-08
3662,28932,1,2026-02-12
3663,28935,10,2024-08-08
3664,28935,4,2024-09-26
3665,28935,12,2024-09-17
3666,28939,3,2025-09-11
3667,28940,2,2026-04-25
3668,28947,2,2025-10-04
3669,28951,3,2025-02-04
3670,28956,9,2025-12-17
3671,28963,1,2024-11-02
3672,28976,7,2024-04-30
3673,28995,10,2024-11-07
3674,28999,4,2024-09-23
3675,29001,1,2024-12-15
3676,29003,4,2024-03-14
3677,29010,4,2024-06-26
3678,29028,6,2026-05-03
3679,29031,12,2025-10-08
3680,29036,6,2025-09-26
3681,29038,9,2024-04-26
3682,29049,3,2024-03-21
3683,29054,5,2026-01-27
3684,29059,3,2024-04-19
3685,29066,11,2025-09-18
3686,29068,9,2025-10-14
3687,29072,1,2025-09-29
3688,29090,11,2025-01-17
3689,29092,12,2024-09-09
3690,29096,10,2026-01-17
3691,29108,12,2024-08-31
3692,29110,1,2026-02-10
3693,29132,2,2025-04-18
3694,29156,12,2025-11-04
3695,29158,11,2026-03-09
3696,29173,9,2025-10-10
3697,29174,4,2025-10-23
3698,29178,9,2024-03-31
3699,29200,11,2025-05-03
3700,29202,4,2024-07-30
3701,29214,12,2025-07-10
3702,29222,2,2026-01-20
3703,29225,4,2024-10-03
3704,29236,4,2024-08-28
3705,29237,2,2025-03-30
3706,29261,1,2024-10-17
3707,29267,10,2024-06-20
3708,29272,2,2025-06-18
3709,29273,10,2024-12-23
3710,29275,3,2026-05-12
3711,29282,10,2024-06-14
3712,29291,3,2026-01-10
3713,29294,6,2024-03-02
3714,29303,1,2025-04-01
3715,29308,11,2026-01-15
3716,29309,9,2025-08-03
3717,29310,10,2026-02-08
3718,29317,2,2025-02-04
3719,29318,9,2025-10-23
3720,29319,12,2024-09-21
3721,29337,1,2025-02-18
3722,29338,3,2025-03-11
3723,29339,7,2025-11-13
3724,29343,4,2024-07-08
3725,29345,1,2025-04-06
3726,29351,1,2024-02-21
3727,29353,10,2024-04-28
3728,29369,4,2024-12-22
3729,29388,4,2024-06-02
3730,29395,4,2026-03-11
3731,29412,5,2025-07-21
3732,29415,8,2025-03-02
3733,29428,2,2026-04-03
3734,29429,5,2025-06-08
3735,29430,1,2025-04-28
3736,29444,3,2026-06-14
3737,29460,10,2024-05-14
3738,29476,1,2025-02-19
3739,29485,4,2025-09-01
3740,29490,3,2025-12-02
3741,29507,5,2025-10-01
3742,29508,3,2025-01-29
3743,29518,3,2025-01-07
3744,29526,11,2025-11-14
3745,29532,2,2025-02-28
3746,29534,11,2026-03-06
3747,29544,7,2025-10-01
3748,29555,4,2024-08-18
3749,29564,1,2025-11-12
3750,29572,5,2024-04-28
3751,29596,4,2024-08-04
3752,29609,1,2024-09-04
3753,29611,7,2025-06-06
3754,29612,11,2024-11-19
3755,29617,5,2024-02-18
3756,29619,3,2025-10-22
3757,29620,3,2024-12-28
3758,29625,4,2024-05-21
3759,29633,7,2026-01-01
3760,29637,10,2024-08-07
3761,29665,2,2026-03-07
3762,29666,4,2024-05-28
3763,29671,1,2026-03-14
3764,29676,10,2025-01-17
3765,29677,5,2026-05-11
3766,29695,4,2024-07-29
3767,29698,12,2024-08-12
3768,29698,4,2024-07-17
3769,29709,5,2026-02-16
3770,29711,3,2024-10-09
3771,29723,10,2024-09-16
3772,29736,10,2025-04-22
3773,29738,3,2025-12-26
3774,29753,1,2025-03-16
3775,29761,4,2024-07-20
3776,29761,12,2024-08-09
3777,29776,8,2024-05-07
3778,29789,6,2025-12-09
3779,29795,1,2025-05-27
3780,29796,9,2024-12-20
3781,29802,4,2024-06-27
3782,29805,12,2025-03-28
3783,29806,12,2024-09-06
3784,29822,8,2025-04-29
3785,29830,12,2024-08-04
3786,29831,9,2026-01-08
3787,29840,3,2025-09-16
3788,29852,2,2025-11-07
3789,29859,5,2024-02-21
3790,29866,1,2025-06-02
3791,29868,7,2026-06-24
3792,29869,12,2026-06-21
3793,29873,7,2025-11-24
3794,29881,1,2025-01-29
3795,29895,12,2024-08-05
3796,29899,9,2026-06-24
3797,29906,9,2026-03-29
3798,29920,6,2025-06-19
3799,29937,9,2026-06-01
3800,29941,12,2025-09-15
3801,29959,7,2026-05-26
3802,29962,4,2026-03-23
3803,29966,3,2026-01-07
3804,29975,12,2026-03-06
3805,29987,7,2024-05-08
3806,29995,12,2026-03-18
3807,29999,11,2026-01-02
3808,30000,3,2025-01-29
